run_id,pr_number,energy_baseline_fullcov_J,savings_80pct_%,savings_90pct_%,savings_95pct_%
20115724157,4805,1158.009,70.83174655810102,70.83174655810102,0.0
20113993054,4805,1158.009,70.83174655810102,70.83174655810102,0.0
20112348005,4805,1158.009,70.83174655810102,70.83174655810102,0.0
20108681550,4805,1158.009,70.83174655810102,70.83174655810102,0.0
20108008806,4789,5624.111999999999,97.84332175461655,97.60911589242887,88.60680583885954
20105555840,4789,5624.111999999999,97.84332175461655,97.60911589242887,88.60680583885954
20101180540,4789,5624.111999999999,97.84332175461655,97.60911589242887,88.60680583885954
20096818422,4779,969.074,0.0,0.0,0.0
20096541647,4805,1158.009,70.83174655810102,70.83174655810102,0.0
20086124292,4805,1158.009,70.83174655810102,70.83174655810102,0.0
20083088236,4805,1158.009,70.83174655810102,70.83174655810102,0.0
20079448519,4800,9457.822,96.46091880350465,96.41013544133101,87.22811657906018
20072137035,4800,9457.822,96.46091880350465,96.41013544133101,87.22811657906018
20068399094,4779,969.074,0.0,0.0,0.0
20068392273,4800,9457.822,96.46091880350465,96.41013544133101,87.22811657906018
20067826273,4789,5624.111999999999,97.84332175461655,97.60911589242887,88.60680583885954
20053007984,4779,969.074,0.0,0.0,0.0
20046677145,4779,969.074,0.0,0.0,0.0
20046654863,4800,9457.822,96.46091880350465,96.41013544133101,87.22811657906018
20016352659,4800,9457.822,96.46091880350465,96.41013544133101,87.22811657906018
20009911083,4800,9457.822,96.46091880350465,96.41013544133101,87.22811657906018
20008925494,3764,3708.9429999999993,96.89509922368717,93.72770085709054,0.0
20008238894,3764,3708.9429999999993,96.89509922368717,93.72770085709054,0.0
19995486174,4800,9457.822,96.46091880350465,96.41013544133101,87.22811657906018
19992523114,4800,9457.822,96.46091880350465,96.41013544133101,87.22811657906018
19979721653,4796,372.618,24.59408831564766,24.59408831564766,0.0
19978563327,4779,969.074,0.0,0.0,0.0
19978147220,4800,9457.822,96.46091880350465,96.41013544133101,87.22811657906018
19974153720,3261,4683.467,92.49081930117156,86.65313538026423,78.71042968809218
19973557086,4796,372.618,24.59408831564766,24.59408831564766,0.0
19971765205,4796,372.618,24.59408831564766,24.59408831564766,0.0
19970486234,4779,969.074,0.0,0.0,0.0
19970461036,4800,9457.822,96.46091880350465,96.41013544133101,87.22811657906018
19969863707,4796,372.618,24.59408831564766,24.59408831564766,0.0
19961184972,4800,9457.822,96.46091880350465,96.41013544133101,87.22811657906018
19950428308,4779,969.074,0.0,0.0,0.0
19950423185,4793,4855.367,92.84814103650662,85.3626924597049,25.508494002616082
19946720794,4800,9457.822,96.46091880350465,96.41013544133101,87.22811657906018
19945421606,4796,372.618,24.59408831564766,24.59408831564766,0.0
19941575306,4796,372.618,24.59408831564766,24.59408831564766,0.0
19941289236,4800,9457.822,96.46091880350465,96.41013544133101,87.22811657906018
19940860326,4796,372.618,24.59408831564766,24.59408831564766,0.0
19939968997,4796,372.618,24.59408831564766,24.59408831564766,0.0
19934366200,4736,386.562,39.968491470967145,39.968491470967145,39.968491470967145
19899594727,4789,5624.111999999999,97.84332175461655,97.60911589242887,88.60680583885954
19899188875,4789,5624.111999999999,97.84332175461655,97.60911589242887,88.60680583885954
19897579963,4789,5624.111999999999,97.84332175461655,97.60911589242887,88.60680583885954
19879808423,4796,372.618,24.59408831564766,24.59408831564766,0.0
19877122830,4736,386.562,39.968491470967145,39.968491470967145,39.968491470967145
19868214948,4796,372.618,24.59408831564766,24.59408831564766,0.0
19864776231,4791,6285.277999999999,92.57526874706258,77.75741979909242,76.36467312981223
19840305549,4791,6285.277999999999,92.57526874706258,77.75741979909242,76.36467312981223
19839859625,4796,372.618,24.59408831564766,24.59408831564766,0.0
19826829974,4789,5624.111999999999,97.84332175461655,97.60911589242887,88.60680583885954
19806926639,4793,4855.367,92.84814103650662,85.3626924597049,25.508494002616082
19793025843,4793,4855.367,92.84814103650662,85.3626924597049,25.508494002616082
19792589320,4791,6285.277999999999,92.57526874706258,77.75741979909242,76.36467312981223
19790019793,4791,6285.277999999999,92.57526874706258,77.75741979909242,76.36467312981223
19785409951,4791,6285.277999999999,92.57526874706258,77.75741979909242,76.36467312981223
19777577176,4791,6285.277999999999,92.57526874706258,77.75741979909242,76.36467312981223
19776277424,4796,372.618,24.59408831564766,24.59408831564766,0.0
19775530717,4796,372.618,24.59408831564766,24.59408831564766,0.0
19769230300,4791,6285.277999999999,92.57526874706258,77.75741979909242,76.36467312981223
19755364305,4791,6285.277999999999,92.57526874706258,77.75741979909242,76.36467312981223
19754932813,4793,4855.367,92.84814103650662,85.3626924597049,25.508494002616082
19754428662,4791,6285.277999999999,92.57526874706258,77.75741979909242,76.36467312981223
19753220651,4736,386.562,39.968491470967145,39.968491470967145,39.968491470967145
19753042069,4791,6285.277999999999,92.57526874706258,77.75741979909242,76.36467312981223
19750606848,4736,386.562,39.968491470967145,39.968491470967145,39.968491470967145
19750317585,4791,6285.277999999999,92.57526874706258,77.75741979909242,76.36467312981223
19749645231,4793,4855.367,92.84814103650662,85.3626924597049,25.508494002616082
19743936958,4805,1158.009,70.83174655810102,70.83174655810102,0.0
19743857794,4791,6285.277999999999,92.57526874706258,77.75741979909242,76.36467312981223
19724030526,4791,6285.277999999999,92.57526874706258,77.75741979909242,76.36467312981223
19723526576,4791,6285.277999999999,92.57526874706258,77.75741979909242,76.36467312981223
19723512697,4779,969.074,0.0,0.0,0.0
19721331978,4791,6285.277999999999,92.57526874706258,77.75741979909242,76.36467312981223
19716282868,4791,6285.277999999999,92.57526874706258,77.75741979909242,76.36467312981223
19694100473,4736,386.562,39.968491470967145,39.968491470967145,39.968491470967145
19687507466,4779,969.074,0.0,0.0,0.0
19687391087,4791,6285.277999999999,92.57526874706258,77.75741979909242,76.36467312981223
19683375731,4779,969.074,0.0,0.0,0.0
19659351422,4779,969.074,0.0,0.0,0.0
19654229787,4779,969.074,0.0,0.0,0.0
19586687329,4777,532.759,76.66017842964642,76.66017842964642,76.66017842964642
19586480280,4779,969.074,0.0,0.0,0.0
19585398664,4777,532.759,76.66017842964642,76.66017842964642,76.66017842964642
19583633320,4789,5624.111999999999,97.84332175461655,97.60911589242887,88.60680583885954
19574539696,4779,969.074,0.0,0.0,0.0
19573471152,4777,532.759,76.66017842964642,76.66017842964642,76.66017842964642
19568984747,4779,969.074,0.0,0.0,0.0
19568310327,4777,532.759,76.66017842964642,76.66017842964642,76.66017842964642
19563366343,4777,532.759,76.66017842964642,76.66017842964642,76.66017842964642
19558437994,4777,532.759,76.66017842964642,76.66017842964642,76.66017842964642
19556533697,4777,532.759,76.66017842964642,76.66017842964642,76.66017842964642
19555787217,4777,532.759,76.66017842964642,76.66017842964642,76.66017842964642
19555250347,4777,532.759,76.66017842964642,76.66017842964642,76.66017842964642
19549903600,4777,532.759,76.66017842964642,76.66017842964642,76.66017842964642
19549213540,4779,969.074,0.0,0.0,0.0
19543080490,4777,532.759,76.66017842964642,76.66017842964642,76.66017842964642
19525489595,4777,532.759,76.66017842964642,76.66017842964642,76.66017842964642
19524962243,4777,532.759,76.66017842964642,76.66017842964642,76.66017842964642
19523573841,4783,124.345,0.0,0.0,0.0
19519983601,4777,532.759,76.66017842964642,76.66017842964642,76.66017842964642
19519804270,4777,532.759,76.66017842964642,76.66017842964642,76.66017842964642
19510172870,4780,1025.16,0.0,0.0,0.0
19508472162,4777,532.759,76.66017842964642,76.66017842964642,76.66017842964642
19507496321,4777,532.759,76.66017842964642,76.66017842964642,76.66017842964642
19489190709,4777,532.759,76.66017842964642,76.66017842964642,76.66017842964642
19486737872,4777,532.759,76.66017842964642,76.66017842964642,76.66017842964642
19469799854,4780,1025.16,0.0,0.0,0.0
19468304066,4777,532.759,76.66017842964642,76.66017842964642,76.66017842964642
19468280212,4779,969.074,0.0,0.0,0.0
19463085571,4780,1025.16,0.0,0.0,0.0
19458252605,4780,1025.16,0.0,0.0,0.0
19452231152,4777,532.759,76.66017842964642,76.66017842964642,76.66017842964642
19447188560,4775,139.293,0.0,0.0,0.0
19443482796,4777,532.759,76.66017842964642,76.66017842964642,76.66017842964642
19441313026,4777,532.759,76.66017842964642,76.66017842964642,76.66017842964642
19441177553,4779,969.074,0.0,0.0,0.0
19434325849,4777,532.759,76.66017842964642,76.66017842964642,76.66017842964642
19417888712,4775,139.293,0.0,0.0,0.0
19413940451,4775,139.293,0.0,0.0,0.0
19410988801,4775,139.293,0.0,0.0,0.0
19379658421,4771,123.305,0.0,0.0,0.0
19377363114,4771,123.305,0.0,0.0,0.0
19372987995,4771,123.305,0.0,0.0,0.0
19372629240,4779,969.074,0.0,0.0,0.0
19371201781,4771,123.305,0.0,0.0,0.0
19352477054,4771,123.305,0.0,0.0,0.0
19316492011,4779,969.074,0.0,0.0,0.0
19316250886,4779,969.074,0.0,0.0,0.0
19314405319,4779,969.074,0.0,0.0,0.0
19314249086,4779,969.074,0.0,0.0,0.0
19311416820,4771,123.305,0.0,0.0,0.0
19296169624,4771,123.305,0.0,0.0,0.0
19288223988,4771,123.305,0.0,0.0,0.0
19286433235,4771,123.305,0.0,0.0,0.0
19285766281,4771,123.305,0.0,0.0,0.0
19285467677,4771,123.305,0.0,0.0,0.0
19282916606,3764,3708.9429999999993,96.89509922368717,93.72770085709054,0.0
19281387035,3764,3708.9429999999993,96.89509922368717,93.72770085709054,0.0
19279733301,4771,123.305,0.0,0.0,0.0
19271838404,4769,238.646,52.13957074495277,0.0,0.0
19271530576,4771,123.305,0.0,0.0,0.0
19271176503,4769,238.646,52.13957074495277,0.0,0.0
19271172181,4771,123.305,0.0,0.0,0.0
19270005053,4779,969.074,0.0,0.0,0.0
19256033854,3764,3708.9429999999993,96.89509922368717,93.72770085709054,0.0
19251806758,4771,123.305,0.0,0.0,0.0
19245439364,4766,26319.363,94.73230792097819,87.58762892551769,80.7129982591144
19245398343,4779,969.074,0.0,0.0,0.0
19213989686,4766,26319.363,94.73230792097819,87.58762892551769,80.7129982591144
19210934308,4779,969.074,0.0,0.0,0.0
19210933972,4766,26319.363,94.73230792097819,87.58762892551769,80.7129982591144
19210700380,4766,26319.363,94.73230792097819,87.58762892551769,80.7129982591144
19210698667,4779,969.074,0.0,0.0,0.0
19203075005,4779,969.074,0.0,0.0,0.0
19203035846,4766,26319.363,94.73230792097819,87.58762892551769,80.7129982591144
19201831705,4769,238.646,52.13957074495277,0.0,0.0
19201785042,4766,26319.363,94.73230792097819,87.58762892551769,80.7129982591144
19199364067,4769,238.646,52.13957074495277,0.0,0.0
19199050104,3764,3708.9429999999993,96.89509922368717,93.72770085709054,0.0
19199009754,3764,3708.9429999999993,96.89509922368717,93.72770085709054,0.0
19195070868,4766,26319.363,94.73230792097819,87.58762892551769,80.7129982591144
19195068465,4779,969.074,0.0,0.0,0.0
19188746693,3764,3708.9429999999993,96.89509922368717,93.72770085709054,0.0
19174818766,4766,26319.363,94.73230792097819,87.58762892551769,80.7129982591144
19158512692,4766,26319.363,94.73230792097819,87.58762892551769,80.7129982591144
19157238743,4766,26319.363,94.73230792097819,87.58762892551769,80.7129982591144
19156992855,4766,26319.363,94.73230792097819,87.58762892551769,80.7129982591144
19147898147,4779,969.074,0.0,0.0,0.0
19147414603,4766,26319.363,94.73230792097819,87.58762892551769,80.7129982591144
19122462172,4779,969.074,0.0,0.0,0.0
19122393498,4766,26319.363,94.73230792097819,87.58762892551769,80.7129982591144
19121773659,4779,969.074,0.0,0.0,0.0
19121662774,4766,26319.363,94.73230792097819,87.58762892551769,80.7129982591144
19087514263,4805,1158.009,70.83174655810102,70.83174655810102,0.0
19086093812,4761,348.43,33.15328760439687,33.15328760439687,0.0
19084255154,4761,348.43,33.15328760439687,33.15328760439687,0.0
19076434303,4761,348.43,33.15328760439687,33.15328760439687,0.0
19072743788,4761,348.43,33.15328760439687,33.15328760439687,0.0
19071737383,4761,348.43,33.15328760439687,33.15328760439687,0.0
19070211514,4761,348.43,33.15328760439687,33.15328760439687,0.0
19048954930,4761,348.43,33.15328760439687,33.15328760439687,0.0
19015862074,4761,348.43,33.15328760439687,33.15328760439687,0.0
19002839449,4761,348.43,33.15328760439687,33.15328760439687,0.0
19002200469,4761,348.43,33.15328760439687,33.15328760439687,0.0
19001956074,4760,224.908,50.01378341366247,0.0,0.0
19001567344,4760,224.908,50.01378341366247,0.0,0.0
18999496901,4761,348.43,33.15328760439687,33.15328760439687,0.0
18999421391,4760,224.908,50.01378341366247,0.0,0.0
18987408543,4755,117.363,0.0,0.0,0.0
18970658932,3261,4683.467,92.49081930117156,86.65313538026423,78.71042968809218
18948876391,4640,253.486,45.049036238687734,45.049036238687734,45.049036238687734
18920931698,4640,253.486,45.049036238687734,45.049036238687734,45.049036238687734
18897017837,4729,154.415,0.0,0.0,0.0
18890683210,4640,253.486,45.049036238687734,45.049036238687734,45.049036238687734
18885735329,4755,117.363,0.0,0.0,0.0
18883261805,4729,154.415,0.0,0.0,0.0
18863924978,4755,117.363,0.0,0.0,0.0
18858353839,4749,153.452,0.0,0.0,0.0
18856975314,4729,154.415,0.0,0.0,0.0
18855703533,4749,153.452,0.0,0.0,0.0
18854248229,4729,154.415,0.0,0.0,0.0
18853326248,4729,154.415,0.0,0.0,0.0
18852291264,4729,154.415,0.0,0.0,0.0
18848984559,4729,154.415,0.0,0.0,0.0
18844098451,4729,154.415,0.0,0.0,0.0
18822243857,4640,253.486,45.049036238687734,45.049036238687734,45.049036238687734
18814564232,4749,153.452,0.0,0.0,0.0
18804515819,4749,153.452,0.0,0.0,0.0
18801983430,4742,115.199,0.0,0.0,0.0
18800749938,4748,142.948,0.0,0.0,0.0
18788297854,4747,142.827,0.0,0.0,0.0
18769652352,4640,253.486,45.049036238687734,45.049036238687734,45.049036238687734
18759142516,4742,115.199,0.0,0.0,0.0
18758365297,4742,115.199,0.0,0.0,0.0
18739410144,4742,115.199,0.0,0.0,0.0
18735696012,4742,115.199,0.0,0.0,0.0
18732341222,4742,115.199,0.0,0.0,0.0
18715176279,3261,4683.467,92.49081930117156,86.65313538026423,78.71042968809218
18711060805,3261,4683.467,92.49081930117156,86.65313538026423,78.71042968809218
18708361675,4742,115.199,0.0,0.0,0.0
18705089001,4640,253.486,45.049036238687734,45.049036238687734,45.049036238687734
18697218413,4742,115.199,0.0,0.0,0.0
18696274886,4742,115.199,0.0,0.0,0.0
18673769209,4735,122.762,0.0,0.0,0.0
18673271054,4735,122.762,0.0,0.0,0.0
18670166167,4735,122.762,0.0,0.0,0.0
18670141700,4742,115.199,0.0,0.0,0.0
18666876286,4731,359.462,35.362291424406465,33.734581124013104,0.0
18666549153,4731,359.462,35.362291424406465,33.734581124013104,0.0
18666292033,4731,359.462,35.362291424406465,33.734581124013104,0.0
18653017443,4742,115.199,0.0,0.0,0.0
18644061925,4742,115.199,0.0,0.0,0.0
18642509035,4742,115.199,0.0,0.0,0.0
18638766559,4742,115.199,0.0,0.0,0.0
18637925446,4731,359.462,35.362291424406465,33.734581124013104,0.0
18636149936,4735,122.762,0.0,0.0,0.0
18624579849,4735,122.762,0.0,0.0,0.0
18621560537,4735,122.762,0.0,0.0,0.0
18619775813,4805,1158.009,70.83174655810102,70.83174655810102,0.0
18614618792,4734,1000000002485.924,99.99999997592309,99.9999999645038,99.9999999645038
18609584351,4734,1000000002485.924,99.99999997592309,99.9999999645038,99.9999999645038
18605976893,4729,154.415,0.0,0.0,0.0
18603626318,4729,154.415,0.0,0.0,0.0
18601279625,4734,1000000002485.924,99.99999997592309,99.9999999645038,99.9999999645038
18599390611,4734,1000000002485.924,99.99999997592309,99.9999999645038,99.9999999645038
18598924050,4736,386.562,39.968491470967145,39.968491470967145,39.968491470967145
18596845066,4736,386.562,39.968491470967145,39.968491470967145,39.968491470967145
18596271622,4734,1000000002485.924,99.99999997592309,99.9999999645038,99.9999999645038
18585349655,3261,4683.467,92.49081930117156,86.65313538026423,78.71042968809218
18580048967,4734,1000000002485.924,99.99999997592309,99.9999999645038,99.9999999645038
18578765546,4736,386.562,39.968491470967145,39.968491470967145,39.968491470967145
18573159766,4734,1000000002485.924,99.99999997592309,99.9999999645038,99.9999999645038
18560237969,4734,1000000002485.924,99.99999997592309,99.9999999645038,99.9999999645038
18559719460,4735,122.762,0.0,0.0,0.0
18559095988,4734,1000000002485.924,99.99999997592309,99.9999999645038,99.9999999645038
18558241586,3261,4683.467,92.49081930117156,86.65313538026423,78.71042968809218
18549575748,4729,154.415,0.0,0.0,0.0
18543932860,4640,253.486,45.049036238687734,45.049036238687734,45.049036238687734
18533201998,4731,359.462,35.362291424406465,33.734581124013104,0.0
18516406461,4729,154.415,0.0,0.0,0.0
18141917842,4719,3702.627,79.55559660748976,73.37919806666996,0.0
18108462108,4719,3702.627,79.55559660748976,73.37919806666996,0.0
18057793462,4719,3702.627,79.55559660748976,73.37919806666996,0.0
18053521122,4719,3702.627,79.55559660748976,73.37919806666996,0.0
18039194365,4719,3702.627,79.55559660748976,73.37919806666996,0.0
18038053976,4719,3702.627,79.55559660748976,73.37919806666996,0.0
17901867549,4719,3702.627,79.55559660748976,73.37919806666996,0.0
17785817935,4640,253.486,45.049036238687734,45.049036238687734,45.049036238687734
17590808126,4711,15372.916,97.26452027708991,96.48500648803389,95.6804096243029
17588847930,4711,15372.916,97.26452027708991,96.48500648803389,95.6804096243029
17576063745,4711,15372.916,97.26452027708991,96.48500648803389,95.6804096243029
17575853990,4711,15372.916,97.26452027708991,96.48500648803389,95.6804096243029
17570067866,4711,15372.916,97.26452027708991,96.48500648803389,95.6804096243029
17566216165,4711,15372.916,97.26452027708991,96.48500648803389,95.6804096243029
17548140497,4711,15372.916,97.26452027708991,96.48500648803389,95.6804096243029
17536601380,4711,15372.916,97.26452027708991,96.48500648803389,95.6804096243029
17532444217,4711,15372.916,97.26452027708991,96.48500648803389,95.6804096243029
17529519850,4711,15372.916,97.26452027708991,96.48500648803389,95.6804096243029
17529397114,4711,15372.916,97.26452027708991,96.48500648803389,95.6804096243029
17526757547,4711,15372.916,97.26452027708991,96.48500648803389,95.6804096243029
17521047832,4711,15372.916,97.26452027708991,96.48500648803389,95.6804096243029
17519960825,4711,15372.916,97.26452027708991,96.48500648803389,95.6804096243029
17519826764,4711,15372.916,97.26452027708991,96.48500648803389,95.6804096243029
17517677450,4711,15372.916,97.26452027708991,96.48500648803389,95.6804096243029
17514052894,4711,15372.916,97.26452027708991,96.48500648803389,95.6804096243029
17512698526,4711,15372.916,97.26452027708991,96.48500648803389,95.6804096243029
17508688201,4711,15372.916,97.26452027708991,96.48500648803389,95.6804096243029
17508633044,4640,253.486,45.049036238687734,45.049036238687734,45.049036238687734
17508575096,4711,15372.916,97.26452027708991,96.48500648803389,95.6804096243029
17506701571,4711,15372.916,97.26452027708991,96.48500648803389,95.6804096243029
17501390459,4711,15372.916,97.26452027708991,96.48500648803389,95.6804096243029
17497134022,4711,15372.916,97.26452027708991,96.48500648803389,95.6804096243029
17490091587,4711,15372.916,97.26452027708991,96.48500648803389,95.6804096243029
17481023914,4711,15372.916,97.26452027708991,96.48500648803389,95.6804096243029
17473319716,4711,15372.916,97.26452027708991,96.48500648803389,95.6804096243029
17471187870,4663,154.27,0.0,0.0,0.0
17442858398,4682,683.862,83.13958079261606,83.13958079261606,83.13958079261606
17434049518,4708,228.764,0.0,0.0,0.0
17427377877,4708,228.764,0.0,0.0,0.0
17402175916,4708,228.764,0.0,0.0,0.0
17401754376,4708,228.764,0.0,0.0,0.0
17388873635,4708,228.764,0.0,0.0,0.0
17388281530,4708,228.764,0.0,0.0,0.0
17388247492,4492,234.457,53.713474112523826,53.713474112523826,0.0
17381917122,4708,228.764,0.0,0.0,0.0
17367041087,4708,228.764,0.0,0.0,0.0
17318157790,4684,1807.232,93.29571410864791,0.0,0.0
17316410776,4682,683.862,83.13958079261606,83.13958079261606,83.13958079261606
17309020460,4663,154.27,0.0,0.0,0.0
17308555295,4684,1807.232,93.29571410864791,0.0,0.0
17307484815,4663,154.27,0.0,0.0,0.0
17307324294,4684,1807.232,93.29571410864791,0.0,0.0
17288533339,4663,154.27,0.0,0.0,0.0
17285368296,4684,1807.232,93.29571410864791,0.0,0.0
17276797937,4608,1000000000000.0,0.0,0.0,0.0
17271115341,4608,1000000000000.0,0.0,0.0,0.0
17255420943,4684,1807.232,93.29571410864791,0.0,0.0
17253039717,4608,1000000000000.0,0.0,0.0,0.0
17250070810,4608,1000000000000.0,0.0,0.0,0.0
17249775733,4608,1000000000000.0,0.0,0.0,0.0
17249264360,4608,1000000000000.0,0.0,0.0,0.0
17245348329,4608,1000000000000.0,0.0,0.0,0.0
17243272064,4608,1000000000000.0,0.0,0.0,0.0
17240690203,4684,1807.232,93.29571410864791,0.0,0.0
17221682218,4684,1807.232,93.29571410864791,0.0,0.0
17220327947,4684,1807.232,93.29571410864791,0.0,0.0
17219681801,4608,1000000000000.0,0.0,0.0,0.0
17219560243,4608,1000000000000.0,0.0,0.0,0.0
17215741372,4608,1000000000000.0,0.0,0.0,0.0
17209499373,4684,1807.232,93.29571410864791,0.0,0.0
17193947950,4684,1807.232,93.29571410864791,0.0,0.0
17179220347,4684,1807.232,93.29571410864791,0.0,0.0
17173451944,4684,1807.232,93.29571410864791,0.0,0.0
17161844965,4608,1000000000000.0,0.0,0.0,0.0
17139093444,4608,1000000000000.0,0.0,0.0,0.0
17126257739,4684,1807.232,93.29571410864791,0.0,0.0
17082669676,4608,1000000000000.0,0.0,0.0,0.0
17081743066,4608,1000000000000.0,0.0,0.0,0.0
17079654383,4608,1000000000000.0,0.0,0.0,0.0
17075934642,3261,4683.467,92.49081930117156,86.65313538026423,78.71042968809218
17072665698,4684,1807.232,93.29571410864791,0.0,0.0
17066475812,4684,1807.232,93.29571410864791,0.0,0.0
17066279400,4684,1807.232,93.29571410864791,0.0,0.0
17048864411,4684,1807.232,93.29571410864791,0.0,0.0
17016445538,4640,253.486,45.049036238687734,45.049036238687734,45.049036238687734
17015822509,4684,1807.232,93.29571410864791,0.0,0.0
17003207844,4608,1000000000000.0,0.0,0.0,0.0
17000590904,4684,1807.232,93.29571410864791,0.0,0.0
16989530174,4684,1807.232,93.29571410864791,0.0,0.0
16954534769,4686,505.664,53.371408682445264,53.371408682445264,0.0
16923076652,4686,505.664,53.371408682445264,53.371408682445264,0.0
16923075035,4684,1807.232,93.29571410864791,0.0,0.0
16917326529,4686,505.664,53.371408682445264,53.371408682445264,0.0
16917168384,4684,1807.232,93.29571410864791,0.0,0.0
16887066508,4686,505.664,53.371408682445264,53.371408682445264,0.0
16873390202,4684,1807.232,93.29571410864791,0.0,0.0
16868259306,4686,505.664,53.371408682445264,53.371408682445264,0.0
16867894027,4686,505.664,53.371408682445264,53.371408682445264,0.0
16864139244,4686,505.664,53.371408682445264,53.371408682445264,0.0
16862714073,4686,505.664,53.371408682445264,53.371408682445264,0.0
16852602844,4686,505.664,53.371408682445264,53.371408682445264,0.0
16852509694,4686,505.664,53.371408682445264,53.371408682445264,0.0
16851157652,4686,505.664,53.371408682445264,53.371408682445264,0.0
16848990189,4686,505.664,53.371408682445264,53.371408682445264,0.0
16845203216,4686,505.664,53.371408682445264,53.371408682445264,0.0
16844821627,4686,505.664,53.371408682445264,53.371408682445264,0.0
16829960418,4686,505.664,53.371408682445264,53.371408682445264,0.0
16821360756,4663,154.27,0.0,0.0,0.0
16821104881,4682,683.862,83.13958079261606,83.13958079261606,83.13958079261606
16820609102,4682,683.862,83.13958079261606,83.13958079261606,83.13958079261606
16820103758,4682,683.862,83.13958079261606,83.13958079261606,83.13958079261606
16817332204,4677,1804.351,0.0,0.0,0.0
16801303983,4677,1804.351,0.0,0.0,0.0
16795682513,4677,1804.351,0.0,0.0,0.0
16795374479,4677,1804.351,0.0,0.0,0.0
16792357032,4677,1804.351,0.0,0.0,0.0
16758218646,4677,1804.351,0.0,0.0,0.0
16749901742,4663,154.27,0.0,0.0,0.0
16749897246,4677,1804.351,0.0,0.0,0.0
16747957918,4677,1804.351,0.0,0.0,0.0
16734727545,4640,253.486,45.049036238687734,45.049036238687734,45.049036238687734
16727840185,4663,154.27,0.0,0.0,0.0
16720894816,4663,154.27,0.0,0.0,0.0
16715979399,4663,154.27,0.0,0.0,0.0
16544265191,4663,154.27,0.0,0.0,0.0
16543986695,4663,154.27,0.0,0.0,0.0
16541949452,4640,253.486,45.049036238687734,45.049036238687734,45.049036238687734
16535571417,4663,154.27,0.0,0.0,0.0
16532667131,4669,18484.269,93.35732454445453,0.0,0.0
16532316587,4669,18484.269,93.35732454445453,0.0,0.0
16515324293,4663,154.27,0.0,0.0,0.0
16506748326,4608,1000000000000.0,0.0,0.0,0.0
16502014799,4608,1000000000000.0,0.0,0.0,0.0
16489376615,4667,15250.219,92.67705598195016,43.05586693541909,0.0
16489293989,4663,154.27,0.0,0.0,0.0
16485585542,4640,253.486,45.049036238687734,45.049036238687734,45.049036238687734
16485209321,4640,253.486,45.049036238687734,45.049036238687734,45.049036238687734
16482776108,4608,1000000000000.0,0.0,0.0,0.0
16482054961,4663,154.27,0.0,0.0,0.0
16479483051,4663,154.27,0.0,0.0,0.0
16476321094,4608,1000000000000.0,0.0,0.0,0.0
16475446647,4667,15250.219,92.67705598195016,43.05586693541909,0.0
16474852294,4667,15250.219,92.67705598195016,43.05586693541909,0.0
16471885382,4667,15250.219,92.67705598195016,43.05586693541909,0.0
16471001783,4663,154.27,0.0,0.0,0.0
16456377479,4663,154.27,0.0,0.0,0.0
16454468140,4608,1000000000000.0,0.0,0.0,0.0
16454308077,4608,1000000000000.0,0.0,0.0,0.0
16454206066,4608,1000000000000.0,0.0,0.0,0.0
16452923956,4608,1000000000000.0,0.0,0.0,0.0
16451760434,4608,1000000000000.0,0.0,0.0,0.0
16451255475,4608,1000000000000.0,0.0,0.0,0.0
16446981442,4663,154.27,0.0,0.0,0.0
16430461294,4608,1000000000000.0,0.0,0.0,0.0
16425097906,3261,4683.467,92.49081930117156,86.65313538026423,78.71042968809218
16421212469,4661,6754.474,78.70448535296754,16.209182239801358,0.0
16420335377,4661,6754.474,78.70448535296754,16.209182239801358,0.0
16407760419,4661,6754.474,78.70448535296754,16.209182239801358,0.0
16406400919,4661,6754.474,78.70448535296754,16.209182239801358,0.0
16403897706,4661,6754.474,78.70448535296754,16.209182239801358,0.0
16403430821,4661,6754.474,78.70448535296754,16.209182239801358,0.0
16402533443,4661,6754.474,78.70448535296754,16.209182239801358,0.0
16398596289,4661,6754.474,78.70448535296754,16.209182239801358,0.0
16398506887,4661,6754.474,78.70448535296754,16.209182239801358,0.0
16391209762,4661,6754.474,78.70448535296754,16.209182239801358,0.0
16390901132,4661,6754.474,78.70448535296754,16.209182239801358,0.0
16389454844,4661,6754.474,78.70448535296754,16.209182239801358,0.0
16386595999,4661,6754.474,78.70448535296754,16.209182239801358,0.0
16386437505,4661,6754.474,78.70448535296754,16.209182239801358,0.0
16385769689,4661,6754.474,78.70448535296754,16.209182239801358,0.0
16385159635,4661,6754.474,78.70448535296754,16.209182239801358,0.0
16382289036,4661,6754.474,78.70448535296754,16.209182239801358,0.0
16368269576,4661,6754.474,78.70448535296754,16.209182239801358,0.0
16366737961,4661,6754.474,78.70448535296754,16.209182239801358,0.0
16360798641,4661,6754.474,78.70448535296754,16.209182239801358,0.0
16360641992,4661,6754.474,78.70448535296754,16.209182239801358,0.0
16354558564,4661,6754.474,78.70448535296754,16.209182239801358,0.0
16354359576,4661,6754.474,78.70448535296754,16.209182239801358,0.0
16353435136,4661,6754.474,78.70448535296754,16.209182239801358,0.0
16353197668,4661,6754.474,78.70448535296754,16.209182239801358,0.0
16352068890,4661,6754.474,78.70448535296754,16.209182239801358,0.0
16347738193,4656,8803.359,85.71951910628658,59.531049455100046,1.3053540131670294
16333199551,4656,8803.359,85.71951910628658,59.531049455100046,1.3053540131670294
16331077355,4645,548.771,55.287178076100965,6.683662219760154,0.0
16327199390,4645,548.771,55.287178076100965,6.683662219760154,0.0
16325499267,4645,548.771,55.287178076100965,6.683662219760154,0.0
16321849088,4656,8803.359,85.71951910628658,59.531049455100046,1.3053540131670294
16321476285,4645,548.771,55.287178076100965,6.683662219760154,0.0
16318148211,4645,548.771,55.287178076100965,6.683662219760154,0.0
16314719366,4645,548.771,55.287178076100965,6.683662219760154,0.0
16310415735,4656,8803.359,85.71951910628658,59.531049455100046,1.3053540131670294
16310143979,4656,8803.359,85.71951910628658,59.531049455100046,1.3053540131670294
16308904405,4656,8803.359,85.71951910628658,59.531049455100046,1.3053540131670294
16306996183,4645,548.771,55.287178076100965,6.683662219760154,0.0
16302750512,4656,8803.359,85.71951910628658,59.531049455100046,1.3053540131670294
16301147362,4656,8803.359,85.71951910628658,59.531049455100046,1.3053540131670294
16297140718,4591,154.27,0.0,0.0,0.0
16294820778,4656,8803.359,85.71951910628658,59.531049455100046,1.3053540131670294
16290047777,4656,8803.359,85.71951910628658,59.531049455100046,1.3053540131670294
16286255757,4656,8803.359,85.71951910628658,59.531049455100046,1.3053540131670294
16286105791,4656,8803.359,85.71951910628658,59.531049455100046,1.3053540131670294
16285843599,4656,8803.359,85.71951910628658,59.531049455100046,1.3053540131670294
16283952481,4656,8803.359,85.71951910628658,59.531049455100046,1.3053540131670294
16279133775,3261,4683.467,92.49081930117156,86.65313538026423,78.71042968809218
16250897392,4656,8803.359,85.71951910628658,59.531049455100046,1.3053540131670294
16242089526,4656,8803.359,85.71951910628658,59.531049455100046,1.3053540131670294
16241706825,4656,8803.359,85.71951910628658,59.531049455100046,1.3053540131670294
16241462627,4656,8803.359,85.71951910628658,59.531049455100046,1.3053540131670294
16237202730,4656,8803.359,85.71951910628658,59.531049455100046,1.3053540131670294
16232540864,4615,154.27,0.0,0.0,0.0
16231776136,4653,1517.306,18.171548784490412,16.343440281657095,0.0
16231500569,4653,1517.306,18.171548784490412,16.343440281657095,0.0
16231119773,4615,154.27,0.0,0.0,0.0
16228099436,4608,1000000000000.0,0.0,0.0,0.0
16226974162,4608,1000000000000.0,0.0,0.0,0.0
16224112175,3261,4683.467,92.49081930117156,86.65313538026423,78.71042968809218
16223147294,4653,1517.306,18.171548784490412,16.343440281657095,0.0
16221533591,4642,120.291,0.0,0.0,0.0
16218592452,4653,1517.306,18.171548784490412,16.343440281657095,0.0
16218148426,4615,154.27,0.0,0.0,0.0
16217315191,4615,154.27,0.0,0.0,0.0
16211592186,4653,1517.306,18.171548784490412,16.343440281657095,0.0
16211566915,4651,120.406,9.84751590452303,4.793781040811925,0.0
16210796835,4653,1517.306,18.171548784490412,16.343440281657095,0.0
16210594513,4651,120.406,9.84751590452303,4.793781040811925,0.0
16208900785,4651,120.406,9.84751590452303,4.793781040811925,0.0
16207365106,4615,154.27,0.0,0.0,0.0
16207361620,4653,1517.306,18.171548784490412,16.343440281657095,0.0
16207048591,4653,1517.306,18.171548784490412,16.343440281657095,0.0
16206726524,4654,174.658,0.0,0.0,0.0
16205460442,4653,1517.306,18.171548784490412,16.343440281657095,0.0
16204870935,4654,174.658,0.0,0.0,0.0
16203996387,4653,1517.306,18.171548784490412,16.343440281657095,0.0
16203883518,4608,1000000000000.0,0.0,0.0,0.0
16203678022,4653,1517.306,18.171548784490412,16.343440281657095,0.0
16192015466,4653,1517.306,18.171548784490412,16.343440281657095,0.0
16191692363,4651,120.406,9.84751590452303,4.793781040811925,0.0
16189689284,4651,120.406,9.84751590452303,4.793781040811925,0.0
16186575869,4651,120.406,9.84751590452303,4.793781040811925,0.0
16184629335,4651,120.406,9.84751590452303,4.793781040811925,0.0
16176013780,3261,4683.467,92.49081930117156,86.65313538026423,78.71042968809218
16174184863,4608,1000000000000.0,0.0,0.0,0.0
16172520679,4650,33654.722,93.91375153834282,75.3435045459594,66.32184333598123
16172430907,4651,120.406,9.84751590452303,4.793781040811925,0.0
16156642814,4608,1000000000000.0,0.0,0.0,0.0
16156062512,4608,1000000000000.0,0.0,0.0,0.0
16155975789,4608,1000000000000.0,0.0,0.0,0.0
16153481634,4650,33654.722,93.91375153834282,75.3435045459594,66.32184333598123
16149466667,4608,1000000000000.0,0.0,0.0,0.0
16143594195,4651,120.406,9.84751590452303,4.793781040811925,0.0
16143017908,4651,120.406,9.84751590452303,4.793781040811925,0.0
16140991626,4651,120.406,9.84751590452303,4.793781040811925,0.0
16138354058,4651,120.406,9.84751590452303,4.793781040811925,0.0
16136281096,4651,120.406,9.84751590452303,4.793781040811925,0.0
16135390745,4650,33654.722,93.91375153834282,75.3435045459594,66.32184333598123
16131814000,4651,120.406,9.84751590452303,4.793781040811925,0.0
16131682799,4651,120.406,9.84751590452303,4.793781040811925,0.0
16123028162,4651,120.406,9.84751590452303,4.793781040811925,0.0
16122823951,4650,33654.722,93.91375153834282,75.3435045459594,66.32184333598123
16115338834,4650,33654.722,93.91375153834282,75.3435045459594,66.32184333598123
16114731229,4651,120.406,9.84751590452303,4.793781040811925,0.0
16114676550,4650,33654.722,93.91375153834282,75.3435045459594,66.32184333598123
16113554645,4651,120.406,9.84751590452303,4.793781040811925,0.0
16101754641,4650,33654.722,93.91375153834282,75.3435045459594,66.32184333598123
16097563784,4650,33654.722,93.91375153834282,75.3435045459594,66.32184333598123
16097510433,4651,120.406,9.84751590452303,4.793781040811925,0.0
16096842068,4651,120.406,9.84751590452303,4.793781040811925,0.0
16096560543,4651,120.406,9.84751590452303,4.793781040811925,0.0
16096504644,4651,120.406,9.84751590452303,4.793781040811925,0.0
16096475541,4651,120.406,9.84751590452303,4.793781040811925,0.0
16095125187,4651,120.406,9.84751590452303,4.793781040811925,0.0
16093253940,4651,120.406,9.84751590452303,4.793781040811925,0.0
16092749536,4651,120.406,9.84751590452303,4.793781040811925,0.0
16090544993,4651,120.406,9.84751590452303,4.793781040811925,0.0
16089996589,4650,33654.722,93.91375153834282,75.3435045459594,66.32184333598123
16082379193,4650,33654.722,93.91375153834282,75.3435045459594,66.32184333598123
16082367291,4642,120.291,0.0,0.0,0.0
16082053154,4650,33654.722,93.91375153834282,75.3435045459594,66.32184333598123
16081579870,4615,154.27,0.0,0.0,0.0
16080990980,4650,33654.722,93.91375153834282,75.3435045459594,66.32184333598123
16080571883,4019,117.363,0.0,0.0,0.0
16077081727,4650,33654.722,93.91375153834282,75.3435045459594,66.32184333598123
16072510241,4649,95461.529,83.10260042032219,67.38824914484661,47.44773991625464
16070439450,4642,120.291,0.0,0.0,0.0
16066403918,4645,548.771,55.287178076100965,6.683662219760154,0.0
16062078997,4019,117.363,0.0,0.0,0.0
16060817530,4019,117.363,0.0,0.0,0.0
16059607256,4642,120.291,0.0,0.0,0.0
16059302727,4019,117.363,0.0,0.0,0.0
16059270677,4642,120.291,0.0,0.0,0.0
16058963445,4019,117.363,0.0,0.0,0.0
16048445136,3261,4683.467,92.49081930117156,86.65313538026423,78.71042968809218
16047057393,4645,548.771,55.287178076100965,6.683662219760154,0.0
16045454576,4637,7516.571000000001,90.61526858457134,83.41815702931564,71.97702250135069
16038137700,4645,548.771,55.287178076100965,6.683662219760154,0.0
16036101916,4637,7516.571000000001,90.61526858457134,83.41815702931564,71.97702250135069
16035906982,4637,7516.571000000001,90.61526858457134,83.41815702931564,71.97702250135069
16024102061,4637,7516.571000000001,90.61526858457134,83.41815702931564,71.97702250135069
16006534090,4640,253.486,45.049036238687734,45.049036238687734,45.049036238687734
16006256061,4640,253.486,45.049036238687734,45.049036238687734,45.049036238687734
16001044665,4637,7516.571000000001,90.61526858457134,83.41815702931564,71.97702250135069
15998973469,4642,120.291,0.0,0.0,0.0
15989223721,4637,7516.571000000001,90.61526858457134,83.41815702931564,71.97702250135069
15988654066,4637,7516.571000000001,90.61526858457134,83.41815702931564,71.97702250135069
15988160120,4637,7516.571000000001,90.61526858457134,83.41815702931564,71.97702250135069
15986819703,4640,253.486,45.049036238687734,45.049036238687734,45.049036238687734
15983879117,4637,7516.571000000001,90.61526858457134,83.41815702931564,71.97702250135069
15975203981,4637,7516.571000000001,90.61526858457134,83.41815702931564,71.97702250135069
15975052854,4642,120.291,0.0,0.0,0.0
15974421159,4642,120.291,0.0,0.0,0.0
15962992586,4637,7516.571000000001,90.61526858457134,83.41815702931564,71.97702250135069
15960734651,4634,101874.215,87.66085314129782,72.17119366269473,52.47761565573782
15960363976,4634,101874.215,87.66085314129782,72.17119366269473,52.47761565573782
15952492826,4637,7516.571000000001,90.61526858457134,83.41815702931564,71.97702250135069
15944857543,4637,7516.571000000001,90.61526858457134,83.41815702931564,71.97702250135069
15942750740,4634,101874.215,87.66085314129782,72.17119366269473,52.47761565573782
15942124447,4634,101874.215,87.66085314129782,72.17119366269473,52.47761565573782
15940384701,4634,101874.215,87.66085314129782,72.17119366269473,52.47761565573782
15939981378,4634,101874.215,87.66085314129782,72.17119366269473,52.47761565573782
15939450630,4634,101874.215,87.66085314129782,72.17119366269473,52.47761565573782
15939174697,4637,7516.571000000001,90.61526858457134,83.41815702931564,71.97702250135069
15914045367,4637,7516.571000000001,90.61526858457134,83.41815702931564,71.97702250135069
15914033863,4608,1000000000000.0,0.0,0.0,0.0
15913406130,4608,1000000000000.0,0.0,0.0,0.0
15910068343,4634,101874.215,87.66085314129782,72.17119366269473,52.47761565573782
15908419027,4608,1000000000000.0,0.0,0.0,0.0
15893466255,4634,101874.215,87.66085314129782,72.17119366269473,52.47761565573782
15892925883,4634,101874.215,87.66085314129782,72.17119366269473,52.47761565573782
15892612753,4634,101874.215,87.66085314129782,72.17119366269473,52.47761565573782
15892150136,4634,101874.215,87.66085314129782,72.17119366269473,52.47761565573782
15889976940,4634,101874.215,87.66085314129782,72.17119366269473,52.47761565573782
15889717088,4634,101874.215,87.66085314129782,72.17119366269473,52.47761565573782
15888947094,4634,101874.215,87.66085314129782,72.17119366269473,52.47761565573782
15881608395,4634,101874.215,87.66085314129782,72.17119366269473,52.47761565573782
15875478572,4634,101874.215,87.66085314129782,72.17119366269473,52.47761565573782
15874872362,4634,101874.215,87.66085314129782,72.17119366269473,52.47761565573782
15874318815,4634,101874.215,87.66085314129782,72.17119366269473,52.47761565573782
15873917957,4634,101874.215,87.66085314129782,72.17119366269473,52.47761565573782
15867759857,4634,101874.215,87.66085314129782,72.17119366269473,52.47761565573782
15867576102,4634,101874.215,87.66085314129782,72.17119366269473,52.47761565573782
15867438873,4634,101874.215,87.66085314129782,72.17119366269473,52.47761565573782
15866940549,4634,101874.215,87.66085314129782,72.17119366269473,52.47761565573782
15865991002,4634,101874.215,87.66085314129782,72.17119366269473,52.47761565573782
15865756949,4634,101874.215,87.66085314129782,72.17119366269473,52.47761565573782
15864521247,4633,111.36,0.0,0.0,0.0
15864118735,4608,1000000000000.0,0.0,0.0,0.0
15859883892,4608,1000000000000.0,0.0,0.0,0.0
15858162916,4633,111.36,0.0,0.0,0.0
15849785449,4630,20784.473,97.574218023233,92.40028842684632,89.56942521467829
15847682972,4630,20784.473,97.574218023233,92.40028842684632,89.56942521467829
15841562798,4630,20784.473,97.574218023233,92.40028842684632,89.56942521467829
15841084638,4630,20784.473,97.574218023233,92.40028842684632,89.56942521467829
15840219208,4630,20784.473,97.574218023233,92.40028842684632,89.56942521467829
15837291124,4630,20784.473,97.574218023233,92.40028842684632,89.56942521467829
15835006122,4608,1000000000000.0,0.0,0.0,0.0
15834881020,4630,20784.473,97.574218023233,92.40028842684632,89.56942521467829
15834442899,4630,20784.473,97.574218023233,92.40028842684632,89.56942521467829
15832181403,4608,1000000000000.0,0.0,0.0,0.0
15828937755,4608,1000000000000.0,0.0,0.0,0.0
15822647792,4630,20784.473,97.574218023233,92.40028842684632,89.56942521467829
15822243459,4630,20784.473,97.574218023233,92.40028842684632,89.56942521467829
15815852065,4630,20784.473,97.574218023233,92.40028842684632,89.56942521467829
15813377731,4630,20784.473,97.574218023233,92.40028842684632,89.56942521467829
15811536721,4630,20784.473,97.574218023233,92.40028842684632,89.56942521467829
15811463598,4630,20784.473,97.574218023233,92.40028842684632,89.56942521467829
15810574757,4630,20784.473,97.574218023233,92.40028842684632,89.56942521467829
15806482510,4630,20784.473,97.574218023233,92.40028842684632,89.56942521467829
15802417467,4630,20784.473,97.574218023233,92.40028842684632,89.56942521467829
15800035530,4630,20784.473,97.574218023233,92.40028842684632,89.56942521467829
15799476978,4630,20784.473,97.574218023233,92.40028842684632,89.56942521467829
15798523003,4630,20784.473,97.574218023233,92.40028842684632,89.56942521467829
15788362819,4630,20784.473,97.574218023233,92.40028842684632,89.56942521467829
15785621940,4630,20784.473,97.574218023233,92.40028842684632,89.56942521467829
15780816387,4630,20784.473,97.574218023233,92.40028842684632,89.56942521467829
15779255249,4630,20784.473,97.574218023233,92.40028842684632,89.56942521467829
15778577325,4630,20784.473,97.574218023233,92.40028842684632,89.56942521467829
15746234356,4019,117.363,0.0,0.0,0.0
15745867537,4630,20784.473,97.574218023233,92.40028842684632,89.56942521467829
15744316711,4019,117.363,0.0,0.0,0.0
15743665764,4019,117.363,0.0,0.0,0.0
15732036910,4630,20784.473,97.574218023233,92.40028842684632,89.56942521467829
15723790762,4630,20784.473,97.574218023233,92.40028842684632,89.56942521467829
15719315530,4630,20784.473,97.574218023233,92.40028842684632,89.56942521467829
15717691225,4630,20784.473,97.574218023233,92.40028842684632,89.56942521467829
15715984854,4630,20784.473,97.574218023233,92.40028842684632,89.56942521467829
15710197507,4630,20784.473,97.574218023233,92.40028842684632,89.56942521467829
15707859868,4630,20784.473,97.574218023233,92.40028842684632,89.56942521467829
15704721616,4630,20784.473,97.574218023233,92.40028842684632,89.56942521467829
15695138090,4630,20784.473,97.574218023233,92.40028842684632,89.56942521467829
15686926590,4628,6446.334,92.46553157189807,89.95489529397639,89.90018202593907
15667699531,4615,154.27,0.0,0.0,0.0
15667681349,4628,6446.334,92.46553157189807,89.95489529397639,89.90018202593907
15661868753,4628,6446.334,92.46553157189807,89.95489529397639,89.90018202593907
15659268906,4628,6446.334,92.46553157189807,89.95489529397639,89.90018202593907
15657096468,4019,117.363,0.0,0.0,0.0
15657046505,4628,6446.334,92.46553157189807,89.95489529397639,89.90018202593907
15656559818,4492,234.457,53.713474112523826,53.713474112523826,0.0
15656502667,4543,4582.405,97.29886380623275,94.8686988600964,94.67487051013605
15656324985,4628,6446.334,92.46553157189807,89.95489529397639,89.90018202593907
15654207296,4628,6446.334,92.46553157189807,89.95489529397639,89.90018202593907
15652365343,4628,6446.334,92.46553157189807,89.95489529397639,89.90018202593907
15650967609,4628,6446.334,92.46553157189807,89.95489529397639,89.90018202593907
15650912581,4628,6446.334,92.46553157189807,89.95489529397639,89.90018202593907
15650628499,4628,6446.334,92.46553157189807,89.95489529397639,89.90018202593907
15646991285,4608,1000000000000.0,0.0,0.0,0.0
15635137005,4615,154.27,0.0,0.0,0.0
15634829407,4543,4582.405,97.29886380623275,94.8686988600964,94.67487051013605
15632189733,4543,4582.405,97.29886380623275,94.8686988600964,94.67487051013605
15625348649,4543,4582.405,97.29886380623275,94.8686988600964,94.67487051013605
15624264285,4600,122.762,0.0,0.0,0.0
15621765977,4608,1000000000000.0,0.0,0.0,0.0
15618437144,4608,1000000000000.0,0.0,0.0,0.0
15618333590,4543,4582.405,97.29886380623275,94.8686988600964,94.67487051013605
15618201185,4600,122.762,0.0,0.0,0.0
15617690690,4608,1000000000000.0,0.0,0.0,0.0
15614710510,4614,5888.943999999999,0.0,0.0,0.0
15614569375,4600,122.762,0.0,0.0,0.0
15609698407,4600,122.762,0.0,0.0,0.0
15601707444,4600,122.762,0.0,0.0,0.0
15600946758,4600,122.762,0.0,0.0,0.0
15600244960,4600,122.762,0.0,0.0,0.0
15598190808,4608,1000000000000.0,0.0,0.0,0.0
15596793798,4600,122.762,0.0,0.0,0.0
15596559635,4600,122.762,0.0,0.0,0.0
15595657756,4600,122.762,0.0,0.0,0.0
15595304218,4600,122.762,0.0,0.0,0.0
15593455461,4608,1000000000000.0,0.0,0.0,0.0
15588546489,4614,5888.943999999999,0.0,0.0,0.0
15587817755,4600,122.762,0.0,0.0,0.0
15580034657,4621,982.687,87.34642872043692,75.47255636840622,0.0
15579869492,4621,982.687,87.34642872043692,75.47255636840622,0.0
15579115907,4621,982.687,87.34642872043692,75.47255636840622,0.0
15578330655,4621,982.687,87.34642872043692,75.47255636840622,0.0
15572378205,4614,5888.943999999999,0.0,0.0,0.0
15572372144,4608,1000000000000.0,0.0,0.0,0.0
15569620276,4608,1000000000000.0,0.0,0.0,0.0
15568360457,4614,5888.943999999999,0.0,0.0,0.0
15526621908,4614,5888.943999999999,0.0,0.0,0.0
15518663551,4581,425.84,71.28733796731167,45.79677813263198,43.012399023107264
15513928677,4614,5888.943999999999,0.0,0.0,0.0
15513439557,4614,5888.943999999999,0.0,0.0,0.0
15495131333,4614,5888.943999999999,0.0,0.0,0.0
15495013581,4581,425.84,71.28733796731167,45.79677813263198,43.012399023107264
15490986211,4543,4582.405,97.29886380623275,94.8686988600964,94.67487051013605
15487926791,4581,425.84,71.28733796731167,45.79677813263198,43.012399023107264
15481998657,4615,154.27,0.0,0.0,0.0
15463336878,4614,5888.943999999999,0.0,0.0,0.0
15457981549,4600,122.762,0.0,0.0,0.0
15456119700,4614,5888.943999999999,0.0,0.0,0.0
15451981414,4567,111.36,0.0,0.0,0.0
15447992852,4608,1000000000000.0,0.0,0.0,0.0
15447496566,4599,3759.745,84.47711214457362,32.59888636064414,18.99857570127761
15444296385,4599,3759.745,84.47711214457362,32.59888636064414,18.99857570127761
15433606817,4600,122.762,0.0,0.0,0.0
15433105296,4600,122.762,0.0,0.0,0.0
15430894591,4600,122.762,0.0,0.0,0.0
15422633626,4608,1000000000000.0,0.0,0.0,0.0
15417615328,4599,3759.745,84.47711214457362,32.59888636064414,18.99857570127761
15408053506,4599,3759.745,84.47711214457362,32.59888636064414,18.99857570127761
15407405466,4599,3759.745,84.47711214457362,32.59888636064414,18.99857570127761
15402788480,4608,1000000000000.0,0.0,0.0,0.0
15402007522,4608,1000000000000.0,0.0,0.0,0.0
15401533318,4608,1000000000000.0,0.0,0.0,0.0
15401461298,4608,1000000000000.0,0.0,0.0,0.0
15376765687,4600,122.762,0.0,0.0,0.0
15376754909,4599,3759.745,84.47711214457362,32.59888636064414,18.99857570127761
15372595999,4600,122.762,0.0,0.0,0.0
15370597168,4610,63935.773,77.7255621825359,63.37257547507872,44.41837279421022
15367534419,4610,63935.773,77.7255621825359,63.37257547507872,44.41837279421022
15361417504,4610,63935.773,77.7255621825359,63.37257547507872,44.41837279421022
15361243867,4610,63935.773,77.7255621825359,63.37257547507872,44.41837279421022
15361239327,4599,3759.745,84.47711214457362,32.59888636064414,18.99857570127761
15361087294,4599,3759.745,84.47711214457362,32.59888636064414,18.99857570127761
15355918021,3261,4683.467,92.49081930117156,86.65313538026423,78.71042968809218
15355461669,4599,3759.745,84.47711214457362,32.59888636064414,18.99857570127761
15344464570,4599,3759.745,84.47711214457362,32.59888636064414,18.99857570127761
15339811612,4599,3759.745,84.47711214457362,32.59888636064414,18.99857570127761
15338715502,4599,3759.745,84.47711214457362,32.59888636064414,18.99857570127761
15334814300,4608,1000000000000.0,0.0,0.0,0.0
15334710942,4608,1000000000000.0,0.0,0.0,0.0
15334587529,4608,1000000000000.0,0.0,0.0,0.0
15331325629,4608,1000000000000.0,0.0,0.0,0.0
15330981556,4527,154.27,0.0,0.0,0.0
15325148171,4600,122.762,0.0,0.0,0.0
15323824212,4527,154.27,0.0,0.0,0.0
15321956421,4599,3759.745,84.47711214457362,32.59888636064414,18.99857570127761
15320926650,4527,154.27,0.0,0.0,0.0
15320761894,4567,111.36,0.0,0.0,0.0
15320373890,4599,3759.745,84.47711214457362,32.59888636064414,18.99857570127761
15315444975,4599,3759.745,84.47711214457362,32.59888636064414,18.99857570127761
15314476989,4581,425.84,71.28733796731167,45.79677813263198,43.012399023107264
15312375595,4527,154.27,0.0,0.0,0.0
15311228952,4599,3759.745,84.47711214457362,32.59888636064414,18.99857570127761
15310287442,4599,3759.745,84.47711214457362,32.59888636064414,18.99857570127761
15304107768,4599,3759.745,84.47711214457362,32.59888636064414,18.99857570127761
15303427138,4567,111.36,0.0,0.0,0.0
15298513608,4527,154.27,0.0,0.0,0.0
15290946711,4599,3759.745,84.47711214457362,32.59888636064414,18.99857570127761
15290238097,4599,3759.745,84.47711214457362,32.59888636064414,18.99857570127761
15278264047,4527,154.27,0.0,0.0,0.0
15274240341,4599,3759.745,84.47711214457362,32.59888636064414,18.99857570127761
15267169772,4599,3759.745,84.47711214457362,32.59888636064414,18.99857570127761
15262796593,4567,111.36,0.0,0.0,0.0
15262527241,4599,3759.745,84.47711214457362,32.59888636064414,18.99857570127761
15248469628,4599,3759.745,84.47711214457362,32.59888636064414,18.99857570127761
15247908452,4599,3759.745,84.47711214457362,32.59888636064414,18.99857570127761
15233260529,4600,122.762,0.0,0.0,0.0
15224455550,4599,3759.745,84.47711214457362,32.59888636064414,18.99857570127761
15224429692,4600,122.762,0.0,0.0,0.0
15222775737,4600,122.762,0.0,0.0,0.0
15202111669,4600,122.762,0.0,0.0,0.0
15201635283,4600,122.762,0.0,0.0,0.0
15194099576,4599,3759.745,84.47711214457362,32.59888636064414,18.99857570127761
15172099268,4600,122.762,0.0,0.0,0.0
15161609132,4599,3759.745,84.47711214457362,32.59888636064414,18.99857570127761
15161000273,4599,3759.745,84.47711214457362,32.59888636064414,18.99857570127761
15151686147,4599,3759.745,84.47711214457362,32.59888636064414,18.99857570127761
15146288052,4581,425.84,71.28733796731167,45.79677813263198,43.012399023107264
15128340088,4581,425.84,71.28733796731167,45.79677813263198,43.012399023107264
15122736745,4581,425.84,71.28733796731167,45.79677813263198,43.012399023107264
15117131044,4594,1748.889,0.0,0.0,0.0
15091901481,4594,1748.889,0.0,0.0,0.0
15059990899,4594,1748.889,0.0,0.0,0.0
15044689421,4594,1748.889,0.0,0.0,0.0
15002301164,4594,1748.889,0.0,0.0,0.0
15001233479,4594,1748.889,0.0,0.0,0.0
14994645375,4594,1748.889,0.0,0.0,0.0
14937545738,4424,154.27,0.0,0.0,0.0
14894102026,4587,123.777,0.0,0.0,0.0
14893290092,4587,123.777,0.0,0.0,0.0
14891980771,4587,123.777,0.0,0.0,0.0
14876631547,3604,154.27,0.0,0.0,0.0
14870949433,4581,425.84,71.28733796731167,45.79677813263198,43.012399023107264
14867965443,4587,123.777,0.0,0.0,0.0
14867711920,4587,123.777,0.0,0.0,0.0
14864612025,4587,123.777,0.0,0.0,0.0
14849003915,4587,123.777,0.0,0.0,0.0
14834441425,4587,123.777,0.0,0.0,0.0
14812912407,4527,154.27,0.0,0.0,0.0
14812861468,4527,154.27,0.0,0.0,0.0
14804318463,4567,111.36,0.0,0.0,0.0
14802193131,4527,154.27,0.0,0.0,0.0
14795648081,4587,123.777,0.0,0.0,0.0
14795150962,4527,154.27,0.0,0.0,0.0
14784606804,4587,123.777,0.0,0.0,0.0
14782535031,4581,425.84,71.28733796731167,45.79677813263198,43.012399023107264
14781826577,4581,425.84,71.28733796731167,45.79677813263198,43.012399023107264
14764067541,4571,310.373,0.0,0.0,0.0
14763507987,4577,510.947,29.5962203516216,24.225017467565127,1.6228689081255063
14763309429,4577,510.947,29.5962203516216,24.225017467565127,1.6228689081255063
14762113388,4579,262.094,29.28949155646447,0.0,0.0
14759289208,4571,310.373,0.0,0.0,0.0
14758575228,4571,310.373,0.0,0.0,0.0
14757450167,4577,510.947,29.5962203516216,24.225017467565127,1.6228689081255063
14742213560,4574,154.27,0.0,0.0,0.0
14741559146,4574,154.27,0.0,0.0,0.0
14739200716,4574,154.27,0.0,0.0,0.0
14731646164,4571,310.373,0.0,0.0,0.0
14722569443,4571,310.373,0.0,0.0,0.0
14722044067,4571,310.373,0.0,0.0,0.0
14721989605,4574,154.27,0.0,0.0,0.0
14720233472,4559,160.212,0.0,0.0,0.0
14719506387,4571,310.373,0.0,0.0,0.0
14719121018,4571,310.373,0.0,0.0,0.0
14717225431,4574,154.27,0.0,0.0,0.0
14710936520,4571,310.373,0.0,0.0,0.0
14693688926,4571,310.373,0.0,0.0,0.0
14685210038,4571,310.373,0.0,0.0,0.0
14683550984,4559,160.212,0.0,0.0,0.0
14678718032,4567,111.36,0.0,0.0,0.0
14678533114,4571,310.373,0.0,0.0,0.0
14677960008,4571,310.373,0.0,0.0,0.0
14675831417,4571,310.373,0.0,0.0,0.0
14675611244,4571,310.373,0.0,0.0,0.0
14668384216,4550,2009.984,90.93540048079984,25.873240782016175,25.10015005094568
14653053361,4550,2009.984,90.93540048079984,25.873240782016175,25.10015005094568
14640927548,4550,2009.984,90.93540048079984,25.873240782016175,25.10015005094568
14635744737,4562,131.983,0.0,0.0,0.0
14631119900,4550,2009.984,90.93540048079984,25.873240782016175,25.10015005094568
14625261457,4550,2009.984,90.93540048079984,25.873240782016175,25.10015005094568
14624442707,4562,131.983,0.0,0.0,0.0
14619056793,4550,2009.984,90.93540048079984,25.873240782016175,25.10015005094568
14615324782,4550,2009.984,90.93540048079984,25.873240782016175,25.10015005094568
14608144231,4550,2009.984,90.93540048079984,25.873240782016175,25.10015005094568
14603686450,4550,2009.984,90.93540048079984,25.873240782016175,25.10015005094568
14602759178,4562,131.983,0.0,0.0,0.0
14598660560,4562,131.983,0.0,0.0,0.0
14597544223,4550,2009.984,90.93540048079984,25.873240782016175,25.10015005094568
14595584181,4562,131.983,0.0,0.0,0.0
14595317622,4562,131.983,0.0,0.0,0.0
14582053538,4559,160.212,0.0,0.0,0.0
14576785210,4559,160.212,0.0,0.0,0.0
14561566009,4559,160.212,0.0,0.0,0.0
14560501919,4550,2009.984,90.93540048079984,25.873240782016175,25.10015005094568
14556935656,4550,2009.984,90.93540048079984,25.873240782016175,25.10015005094568
14554789731,4559,160.212,0.0,0.0,0.0
14550307015,4550,2009.984,90.93540048079984,25.873240782016175,25.10015005094568
14547202083,4550,2009.984,90.93540048079984,25.873240782016175,25.10015005094568
14534660125,4562,131.983,0.0,0.0,0.0
14529839085,4562,131.983,0.0,0.0,0.0
14529724598,4562,131.983,0.0,0.0,0.0
14524392361,4562,131.983,0.0,0.0,0.0
14524215082,4550,2009.984,90.93540048079984,25.873240782016175,25.10015005094568
14522034468,4550,2009.984,90.93540048079984,25.873240782016175,25.10015005094568
14520402727,4562,131.983,0.0,0.0,0.0
14515396670,4562,131.983,0.0,0.0,0.0
14501378990,4542,2000000000000.0,49.99999998076415,0.0,0.0
14490552987,4550,2009.984,90.93540048079984,25.873240782016175,25.10015005094568
14483615465,4424,154.27,0.0,0.0,0.0
14483212180,4542,2000000000000.0,49.99999998076415,0.0,0.0
14482745875,4542,2000000000000.0,49.99999998076415,0.0,0.0
14456919812,4424,154.27,0.0,0.0,0.0
14456576453,4424,154.27,0.0,0.0,0.0
14449093330,4550,2009.984,90.93540048079984,25.873240782016175,25.10015005094568
14409288159,4532,13005.858000000002,90.9682006369745,72.3985376435757,57.0772724106322
14407834361,4532,13005.858000000002,90.9682006369745,72.3985376435757,57.0772724106322
14398867455,4543,4582.405,97.29886380623275,94.8686988600964,94.67487051013605
14384841319,4532,13005.858000000002,90.9682006369745,72.3985376435757,57.0772724106322
14383430758,4543,4582.405,97.29886380623275,94.8686988600964,94.67487051013605
14381025864,4532,13005.858000000002,90.9682006369745,72.3985376435757,57.0772724106322
14372036319,4532,13005.858000000002,90.9682006369745,72.3985376435757,57.0772724106322
14367624819,4532,13005.858000000002,90.9682006369745,72.3985376435757,57.0772724106322
14367480832,4532,13005.858000000002,90.9682006369745,72.3985376435757,57.0772724106322
14366601545,4532,13005.858000000002,90.9682006369745,72.3985376435757,57.0772724106322
14360143613,4532,13005.858000000002,90.9682006369745,72.3985376435757,57.0772724106322
14335369216,4540,2650.53,67.1218586471385,20.011469404232354,0.0
14330223464,4492,234.457,53.713474112523826,53.713474112523826,0.0
14323253876,4532,13005.858000000002,90.9682006369745,72.3985376435757,57.0772724106322
14319642947,4540,2650.53,67.1218586471385,20.011469404232354,0.0
14318821633,4532,13005.858000000002,90.9682006369745,72.3985376435757,57.0772724106322
14317428593,4540,2650.53,67.1218586471385,20.011469404232354,0.0
14316990229,4532,13005.858000000002,90.9682006369745,72.3985376435757,57.0772724106322
14295681708,4532,13005.858000000002,90.9682006369745,72.3985376435757,57.0772724106322
14293997706,4532,13005.858000000002,90.9682006369745,72.3985376435757,57.0772724106322
14292259012,4532,13005.858000000002,90.9682006369745,72.3985376435757,57.0772724106322
14285598999,4532,13005.858000000002,90.9682006369745,72.3985376435757,57.0772724106322
14278980886,4532,13005.858000000002,90.9682006369745,72.3985376435757,57.0772724106322
14275003918,4532,13005.858000000002,90.9682006369745,72.3985376435757,57.0772724106322
14268078315,4530,901.284,0.0,0.0,0.0
14266240592,4530,901.284,0.0,0.0,0.0
14263784784,4530,901.284,0.0,0.0,0.0
14260495185,4530,901.284,0.0,0.0,0.0
14258196907,4530,901.284,0.0,0.0,0.0
14256925274,4530,901.284,0.0,0.0,0.0
14254228365,4530,901.284,0.0,0.0,0.0
14249454871,4530,901.284,0.0,0.0,0.0
14245644924,4530,901.284,0.0,0.0,0.0
14208228060,4515,21856.29,98.09798003229277,97.51947837441762,96.39542209588178
14198102842,4523,12022.094,0.0,0.0,0.0
14197152647,4523,12022.094,0.0,0.0,0.0
14194825690,4507,630.564,0.0,0.0,0.0
14192331866,4523,12022.094,0.0,0.0,0.0
14186877043,4515,21856.29,98.09798003229277,97.51947837441762,96.39542209588178
14153035674,4507,630.564,0.0,0.0,0.0
14150195742,4507,630.564,0.0,0.0,0.0
14149868628,4515,21856.29,98.09798003229277,97.51947837441762,96.39542209588178
14138930389,4515,21856.29,98.09798003229277,97.51947837441762,96.39542209588178
14126508902,4519,115.002,0.0,0.0,0.0
14122030002,4515,21856.29,98.09798003229277,97.51947837441762,96.39542209588178
14122017181,4519,115.002,0.0,0.0,0.0
14121903808,4515,21856.29,98.09798003229277,97.51947837441762,96.39542209588178
14121764002,4519,115.002,0.0,0.0,0.0
14118398700,4519,115.002,0.0,0.0,0.0
14118349570,4515,21856.29,98.09798003229277,97.51947837441762,96.39542209588178
14116857030,4519,115.002,0.0,0.0,0.0
14115707153,4519,115.002,0.0,0.0,0.0
14114875058,4519,115.002,0.0,0.0,0.0
14113145050,4515,21856.29,98.09798003229277,97.51947837441762,96.39542209588178
14112802917,4515,21856.29,98.09798003229277,97.51947837441762,96.39542209588178
14111751133,4519,115.002,0.0,0.0,0.0
14111079035,4519,115.002,0.0,0.0,0.0
14110380570,4519,115.002,0.0,0.0,0.0
14109820323,4519,115.002,0.0,0.0,0.0
14108053016,4519,115.002,0.0,0.0,0.0
14098058426,4515,21856.29,98.09798003229277,97.51947837441762,96.39542209588178
14097719155,4515,21856.29,98.09798003229277,97.51947837441762,96.39542209588178
14096771504,4515,21856.29,98.09798003229277,97.51947837441762,96.39542209588178
14095910097,4515,21856.29,98.09798003229277,97.51947837441762,96.39542209588178
14083919590,4515,21856.29,98.09798003229277,97.51947837441762,96.39542209588178
14080359555,4515,21856.29,98.09798003229277,97.51947837441762,96.39542209588178
14079551807,4514,606.512,0.0,0.0,0.0
14079232967,4515,21856.29,98.09798003229277,97.51947837441762,96.39542209588178
14070834878,4515,21856.29,98.09798003229277,97.51947837441762,96.39542209588178
14063445137,4514,606.512,0.0,0.0,0.0
14055169704,4515,21856.29,98.09798003229277,97.51947837441762,96.39542209588178
14053609715,4516,116.683,0.0,0.0,0.0
14050665268,4515,21856.29,98.09798003229277,97.51947837441762,96.39542209588178
14046159427,4514,606.512,0.0,0.0,0.0
14038959102,4516,116.683,0.0,0.0,0.0
14036276789,4514,606.512,0.0,0.0,0.0
14027177811,4515,21856.29,98.09798003229277,97.51947837441762,96.39542209588178
14026479334,4514,606.512,0.0,0.0,0.0
14023853491,4514,606.512,0.0,0.0,0.0
14023644283,4514,606.512,0.0,0.0,0.0
14022488736,4501,105848.733,89.78703883021444,78.10834070163125,58.06997330804139
14013102959,4502,80.387,0.0,0.0,0.0
14011934527,4501,105848.733,89.78703883021444,78.10834070163125,58.06997330804139
14011469424,4501,105848.733,89.78703883021444,78.10834070163125,58.06997330804139
14007571397,4502,80.387,0.0,0.0,0.0
14003291248,4501,105848.733,89.78703883021444,78.10834070163125,58.06997330804139
14002671385,4502,80.387,0.0,0.0,0.0
13983828960,4501,105848.733,89.78703883021444,78.10834070163125,58.06997330804139
13983552087,4501,105848.733,89.78703883021444,78.10834070163125,58.06997330804139
13974477921,4501,105848.733,89.78703883021444,78.10834070163125,58.06997330804139
13970386025,4507,630.564,0.0,0.0,0.0
13966931746,4501,105848.733,89.78703883021444,78.10834070163125,58.06997330804139
13959356959,4501,105848.733,89.78703883021444,78.10834070163125,58.06997330804139
13950320614,4507,630.564,0.0,0.0,0.0
13940915682,4502,80.387,0.0,0.0,0.0
13940381389,4501,105848.733,89.78703883021444,78.10834070163125,58.06997330804139
13936114819,4502,80.387,0.0,0.0,0.0
13935686166,4502,80.387,0.0,0.0,0.0
13914829582,4502,80.387,0.0,0.0,0.0
13910878050,4502,80.387,0.0,0.0,0.0
13904619650,4502,80.387,0.0,0.0,0.0
13904566537,4501,105848.733,89.78703883021444,78.10834070163125,58.06997330804139
13902757438,4502,80.387,0.0,0.0,0.0
13888405150,4502,80.387,0.0,0.0,0.0
13887602074,4502,80.387,0.0,0.0,0.0
13882257599,4501,105848.733,89.78703883021444,78.10834070163125,58.06997330804139
13878762574,4501,105848.733,89.78703883021444,78.10834070163125,58.06997330804139
13878684915,4502,80.387,0.0,0.0,0.0
13876452345,4501,105848.733,89.78703883021444,78.10834070163125,58.06997330804139
13876233719,4501,105848.733,89.78703883021444,78.10834070163125,58.06997330804139
13875150202,4424,154.27,0.0,0.0,0.0
13868149696,4501,105848.733,89.78703883021444,78.10834070163125,58.06997330804139
13860856478,4481,4062.889,86.98815055001502,85.02811669233394,75.44825861597498
13858113254,4481,4062.889,86.98815055001502,85.02811669233394,75.44825861597498
13855183146,4481,4062.889,86.98815055001502,85.02811669233394,75.44825861597498
13852749125,4498,123.057,0.0,0.0,0.0
13851381977,4481,4062.889,86.98815055001502,85.02811669233394,75.44825861597498
13848595556,4481,4062.889,86.98815055001502,85.02811669233394,75.44825861597498
13848376940,4456,133365.283,81.5803300173704,69.97626511241309,42.51921843857969
13845597486,4456,133365.283,81.5803300173704,69.97626511241309,42.51921843857969
13841011503,4456,133365.283,81.5803300173704,69.97626511241309,42.51921843857969
13835973640,4456,133365.283,81.5803300173704,69.97626511241309,42.51921843857969
13831542511,4456,133365.283,81.5803300173704,69.97626511241309,42.51921843857969
13831393066,4456,133365.283,81.5803300173704,69.97626511241309,42.51921843857969
13830402319,4456,133365.283,81.5803300173704,69.97626511241309,42.51921843857969
13830010365,4481,4062.889,86.98815055001502,85.02811669233394,75.44825861597498
13818807294,4481,4062.889,86.98815055001502,85.02811669233394,75.44825861597498
13816369354,4479,154.27,0.0,0.0,0.0
13815919731,4456,133365.283,81.5803300173704,69.97626511241309,42.51921843857969
13809469205,4479,154.27,0.0,0.0,0.0
13785215506,4479,154.27,0.0,0.0,0.0
13774873252,4481,4062.889,86.98815055001502,85.02811669233394,75.44825861597498
13774788100,4481,4062.889,86.98815055001502,85.02811669233394,75.44825861597498
13771023238,4481,4062.889,86.98815055001502,85.02811669233394,75.44825861597498
13770180833,4481,4062.889,86.98815055001502,85.02811669233394,75.44825861597498
13762429614,4481,4062.889,86.98815055001502,85.02811669233394,75.44825861597498
13755915081,4481,4062.889,86.98815055001502,85.02811669233394,75.44825861597498
13755615445,4481,4062.889,86.98815055001502,85.02811669233394,75.44825861597498
13744479462,4492,234.457,53.713474112523826,53.713474112523826,0.0
13744423113,4481,4062.889,86.98815055001502,85.02811669233394,75.44825861597498
13744249976,4492,234.457,53.713474112523826,53.713474112523826,0.0
13742266672,4481,4062.889,86.98815055001502,85.02811669233394,75.44825861597498
13742200579,4492,234.457,53.713474112523826,53.713474112523826,0.0
13726349249,4481,4062.889,86.98815055001502,85.02811669233394,75.44825861597498
13726075718,4481,4062.889,86.98815055001502,85.02811669233394,75.44825861597498
13715848649,4481,4062.889,86.98815055001502,85.02811669233394,75.44825861597498
13711947934,4481,4062.889,86.98815055001502,85.02811669233394,75.44825861597498
13708647356,4481,4062.889,86.98815055001502,85.02811669233394,75.44825861597498
13705397537,4481,4062.889,86.98815055001502,85.02811669233394,75.44825861597498
13703052234,4481,4062.889,86.98815055001502,85.02811669233394,75.44825861597498
13703034976,4490,2159.591,89.25907729750679,6.26776088620484,6.26776088620484
13693767161,4481,4062.889,86.98815055001502,85.02811669233394,75.44825861597498
13672632193,4481,4062.889,86.98815055001502,85.02811669233394,75.44825861597498
13669067907,4490,2159.591,89.25907729750679,6.26776088620484,6.26776088620484
13668595308,4481,4062.889,86.98815055001502,85.02811669233394,75.44825861597498
13668378019,4481,4062.889,86.98815055001502,85.02811669233394,75.44825861597498
13665138376,4490,2159.591,89.25907729750679,6.26776088620484,6.26776088620484
13644695246,4481,4062.889,86.98815055001502,85.02811669233394,75.44825861597498
13640846710,4485,631.093,0.0,0.0,0.0
13617823211,4481,4062.889,86.98815055001502,85.02811669233394,75.44825861597498
13601760135,4485,631.093,0.0,0.0,0.0
13601590744,4485,631.093,0.0,0.0,0.0
13584491577,4481,4062.889,86.98815055001502,85.02811669233394,75.44825861597498
13583127221,4482,154.27,0.0,0.0,0.0
13581339573,4481,4062.889,86.98815055001502,85.02811669233394,75.44825861597498
13567588950,4479,154.27,0.0,0.0,0.0
13564199236,4479,154.27,0.0,0.0,0.0
13551043408,4481,4062.889,86.98815055001502,85.02811669233394,75.44825861597498
13548514919,4481,4062.889,86.98815055001502,85.02811669233394,75.44825861597498
13547760681,4454,114.217,0.0,0.0,0.0
13512340284,4477,10555.078999999998,73.77186850046314,14.735834757844973,0.0
13505877870,4477,10555.078999999998,73.77186850046314,14.735834757844973,0.0
13499287545,4477,10555.078999999998,73.77186850046314,14.735834757844973,0.0
13487985212,4477,10555.078999999998,73.77186850046314,14.735834757844973,0.0
13485744821,4479,154.27,0.0,0.0,0.0
13485651611,4479,154.27,0.0,0.0,0.0
13485609077,4479,154.27,0.0,0.0,0.0
13484997697,4477,10555.078999999998,73.77186850046314,14.735834757844973,0.0
13484825395,4479,154.27,0.0,0.0,0.0
13484590055,4479,154.27,0.0,0.0,0.0
13470461198,4477,10555.078999999998,73.77186850046314,14.735834757844973,0.0
13468974989,4477,10555.078999999998,73.77186850046314,14.735834757844973,0.0
13465582131,4477,10555.078999999998,73.77186850046314,14.735834757844973,0.0
13394716682,4473,9698.631,96.48757644248967,95.24728799353228,78.85624270064507
13384037802,4473,9698.631,96.48757644248967,95.24728799353228,78.85624270064507
13383872058,4456,133365.283,81.5803300173704,69.97626511241309,42.51921843857969
13383639497,4456,133365.283,81.5803300173704,69.97626511241309,42.51921843857969
13383427171,4473,9698.631,96.48757644248967,95.24728799353228,78.85624270064507
13380711942,4456,133365.283,81.5803300173704,69.97626511241309,42.51921843857969
13377848175,4456,133365.283,81.5803300173704,69.97626511241309,42.51921843857969
13362528712,4473,9698.631,96.48757644248967,95.24728799353228,78.85624270064507
13362441856,4473,9698.631,96.48757644248967,95.24728799353228,78.85624270064507
13346679695,4467,9696.348000000002,75.7597705857917,22.76628272830143,15.374747275984754
13343027418,4473,9698.631,96.48757644248967,95.24728799353228,78.85624270064507
13339684577,4473,9698.631,96.48757644248967,95.24728799353228,78.85624270064507
13339378457,4473,9698.631,96.48757644248967,95.24728799353228,78.85624270064507
13338482227,4473,9698.631,96.48757644248967,95.24728799353228,78.85624270064507
13324312794,4467,9696.348000000002,75.7597705857917,22.76628272830143,15.374747275984754
13319074183,4470,627.23,0.0,0.0,0.0
13318682381,4456,133365.283,81.5803300173704,69.97626511241309,42.51921843857969
13317934262,4470,627.23,0.0,0.0,0.0
13315757187,4466,1413.781,0.0,0.0,0.0
13303295779,4470,627.23,0.0,0.0,0.0
13299561693,4470,627.23,0.0,0.0,0.0
13299343869,4466,1413.781,0.0,0.0,0.0
13296531873,4466,1413.781,0.0,0.0,0.0
13295291271,4466,1413.781,0.0,0.0,0.0
13294271870,4466,1413.781,0.0,0.0,0.0
13290420494,4466,1413.781,0.0,0.0,0.0
13272848136,4470,627.23,0.0,0.0,0.0
13271858959,4467,9696.348000000002,75.7597705857917,22.76628272830143,15.374747275984754
13269112155,4462,154.27,0.0,0.0,0.0
13265168133,4467,9696.348000000002,75.7597705857917,22.76628272830143,15.374747275984754
13264946909,4467,9696.348000000002,75.7597705857917,22.76628272830143,15.374747275984754
13264714419,4467,9696.348000000002,75.7597705857917,22.76628272830143,15.374747275984754
13263155816,4466,1413.781,0.0,0.0,0.0
13255493073,4466,1413.781,0.0,0.0,0.0
13252111038,4466,1413.781,0.0,0.0,0.0
13247727735,4467,9696.348000000002,75.7597705857917,22.76628272830143,15.374747275984754
13246635275,4467,9696.348000000002,75.7597705857917,22.76628272830143,15.374747275984754
13233942775,4468,154.27,0.0,0.0,0.0
13232929794,4468,154.27,0.0,0.0,0.0
13231450943,4468,154.27,0.0,0.0,0.0
13227983733,4466,1413.781,0.0,0.0,0.0
13227078759,4466,1413.781,0.0,0.0,0.0
13227014905,4468,154.27,0.0,0.0,0.0
13226829297,4467,9696.348000000002,75.7597705857917,22.76628272830143,15.374747275984754
13225992531,4467,9696.348000000002,75.7597705857917,22.76628272830143,15.374747275984754
13225810159,4467,9696.348000000002,75.7597705857917,22.76628272830143,15.374747275984754
13222986072,4468,154.27,0.0,0.0,0.0
13222123769,4468,154.27,0.0,0.0,0.0
13220253310,4468,154.27,0.0,0.0,0.0
13217635711,4467,9696.348000000002,75.7597705857917,22.76628272830143,15.374747275984754
13217567553,4467,9696.348000000002,75.7597705857917,22.76628272830143,15.374747275984754
13216363203,4466,1413.781,0.0,0.0,0.0
13211632731,4466,1413.781,0.0,0.0,0.0
13199938783,4466,1413.781,0.0,0.0,0.0
13195259957,4467,9696.348000000002,75.7597705857917,22.76628272830143,15.374747275984754
13191612967,4466,1413.781,0.0,0.0,0.0
13186892204,4466,1413.781,0.0,0.0,0.0
13186335814,4467,9696.348000000002,75.7597705857917,22.76628272830143,15.374747275984754
13182119533,4467,9696.348000000002,75.7597705857917,22.76628272830143,15.374747275984754
13180200270,4467,9696.348000000002,75.7597705857917,22.76628272830143,15.374747275984754
13172293395,4466,1413.781,0.0,0.0,0.0
13146500562,4462,154.27,0.0,0.0,0.0
13146345722,4462,154.27,0.0,0.0,0.0
13127892142,4461,124.447,0.0,0.0,0.0
13124057398,4456,133365.283,81.5803300173704,69.97626511241309,42.51921843857969
13122468753,4459,38263.406,98.05828576786917,93.10396727358771,74.0219545536537
13100600572,4454,114.217,0.0,0.0,0.0
13095564111,4213,1212.887,89.87852949203018,80.42719560849446,79.67337435391755
13095257660,4459,38263.406,98.05828576786917,93.10396727358771,74.0219545536537
13093179251,4459,38263.406,98.05828576786917,93.10396727358771,74.0219545536537
13092170351,4459,38263.406,98.05828576786917,93.10396727358771,74.0219545536537
13090369964,4459,38263.406,98.05828576786917,93.10396727358771,74.0219545536537
13089404853,4459,38263.406,98.05828576786917,93.10396727358771,74.0219545536537
13087452614,4459,38263.406,98.05828576786917,93.10396727358771,74.0219545536537
13086586700,4454,114.217,0.0,0.0,0.0
13086322284,4459,38263.406,98.05828576786917,93.10396727358771,74.0219545536537
13085193727,4459,38263.406,98.05828576786917,93.10396727358771,74.0219545536537
13085131277,4459,38263.406,98.05828576786917,93.10396727358771,74.0219545536537
13084498677,4459,38263.406,98.05828576786917,93.10396727358771,74.0219545536537
13084158307,4459,38263.406,98.05828576786917,93.10396727358771,74.0219545536537
13080800162,4456,133365.283,81.5803300173704,69.97626511241309,42.51921843857969
13080661297,4456,133365.283,81.5803300173704,69.97626511241309,42.51921843857969
13080189676,4456,133365.283,81.5803300173704,69.97626511241309,42.51921843857969
13075658015,4454,114.217,0.0,0.0,0.0
13073333989,4453,12600.356,92.97488896345469,82.62722100867627,47.95627996542319
13073093173,4453,12600.356,92.97488896345469,82.62722100867627,47.95627996542319
13070823856,4415,114.217,0.0,0.0,0.0
13070062841,4453,12600.356,92.97488896345469,82.62722100867627,47.95627996542319
13047196818,4380,268.314,0.0,0.0,0.0
13023602946,4310,577.784,57.0583470639547,57.0583470639547,57.0583470639547
13023227958,4424,154.27,0.0,0.0,0.0
13018313485,4310,577.784,57.0583470639547,57.0583470639547,57.0583470639547
13017105694,4440,315.363,60.75094415007468,60.75094415007468,0.0
13015846364,4440,315.363,60.75094415007468,60.75094415007468,0.0
13008835090,4440,315.363,60.75094415007468,60.75094415007468,0.0
13002118863,4380,268.314,0.0,0.0,0.0
12999385791,4409,120.406,0.0,0.0,0.0
12996789412,4380,268.314,0.0,0.0,0.0
12995223188,4440,315.363,60.75094415007468,60.75094415007468,0.0
12994995534,4440,315.363,60.75094415007468,60.75094415007468,0.0
12994680438,4380,268.314,0.0,0.0,0.0
12981093706,4440,315.363,60.75094415007468,60.75094415007468,0.0
12970780601,4453,12600.356,92.97488896345469,82.62722100867627,47.95627996542319
12968805500,4453,12600.356,92.97488896345469,82.62722100867627,47.95627996542319
12968760267,4453,12600.356,92.97488896345469,82.62722100867627,47.95627996542319
12967615238,4182,1917.108,70.11049977361735,20.142057724447437,5.386081535312556
12961182549,4440,315.363,60.75094415007468,60.75094415007468,0.0
12942715200,4440,315.363,60.75094415007468,60.75094415007468,0.0
12941482077,4440,315.363,60.75094415007468,60.75094415007468,0.0
12934558587,4440,315.363,60.75094415007468,60.75094415007468,0.0
12934262079,4440,315.363,60.75094415007468,60.75094415007468,0.0
12933820737,4453,12600.356,92.97488896345469,82.62722100867627,47.95627996542319
12933685165,4442,1000000020861.3158,99.99999991051091,99.99999968790011,99.99999887393813
12933618439,4440,315.363,60.75094415007468,60.75094415007468,0.0
12933141609,4213,1212.887,89.87852949203018,80.42719560849446,79.67337435391755
12932066037,4440,315.363,60.75094415007468,60.75094415007468,0.0
12931696247,4440,315.363,60.75094415007468,60.75094415007468,0.0
12927765624,4440,315.363,60.75094415007468,60.75094415007468,0.0
12926822205,4440,315.363,60.75094415007468,60.75094415007468,0.0
12925429550,4442,1000000020861.3158,99.99999991051091,99.99999968790011,99.99999887393813
12925410762,4401,154.27,0.0,0.0,0.0
12923206380,4442,1000000020861.3158,99.99999991051091,99.99999968790011,99.99999887393813
12918910096,4440,315.363,60.75094415007468,60.75094415007468,0.0
12918660894,4440,315.363,60.75094415007468,60.75094415007468,0.0
12917322921,4440,315.363,60.75094415007468,60.75094415007468,0.0
12903114288,4401,154.27,0.0,0.0,0.0
12900801178,4440,315.363,60.75094415007468,60.75094415007468,0.0
12898042261,4213,1212.887,89.87852949203018,80.42719560849446,79.67337435391755
12897663336,4399,550.397,0.0,0.0,0.0
12896528523,4399,550.397,0.0,0.0,0.0
12892848059,4399,550.397,0.0,0.0,0.0
12891084021,4401,154.27,0.0,0.0,0.0
12880490725,4399,550.397,0.0,0.0,0.0
12877864214,4399,550.397,0.0,0.0,0.0
12876792749,4399,550.397,0.0,0.0,0.0
12874891244,4438,19667.03,97.63240814703593,95.32821681768931,95.32821681768931
12857974601,4380,268.314,0.0,0.0,0.0
12855664735,4019,117.363,0.0,0.0,0.0
12849961532,4438,19667.03,97.63240814703593,95.32821681768931,95.32821681768931
12848033571,4019,117.363,0.0,0.0,0.0
12846871437,4019,117.363,0.0,0.0,0.0
12838367294,4213,1212.887,89.87852949203018,80.42719560849446,79.67337435391755
12835847739,4409,120.406,0.0,0.0,0.0
12835431947,4409,120.406,0.0,0.0,0.0
12830744902,4438,19667.03,97.63240814703593,95.32821681768931,95.32821681768931
12827024947,4438,19667.03,97.63240814703593,95.32821681768931,95.32821681768931
12821969465,4438,19667.03,97.63240814703593,95.32821681768931,95.32821681768931
12819308805,4213,1212.887,89.87852949203018,80.42719560849446,79.67337435391755
12818053178,4435,120.012,0.0,0.0,0.0
12813507580,4438,19667.03,97.63240814703593,95.32821681768931,95.32821681768931
12812133101,4438,19667.03,97.63240814703593,95.32821681768931,95.32821681768931
12801983467,4438,19667.03,97.63240814703593,95.32821681768931,95.32821681768931
12799278252,4213,1212.887,89.87852949203018,80.42719560849446,79.67337435391755
12798117141,4213,1212.887,89.87852949203018,80.42719560849446,79.67337435391755
12797139827,4435,120.012,0.0,0.0,0.0
12789289272,4438,19667.03,97.63240814703593,95.32821681768931,95.32821681768931
12788164824,4401,154.27,0.0,0.0,0.0
12786997045,4438,19667.03,97.63240814703593,95.32821681768931,95.32821681768931
12785789165,4310,577.784,57.0583470639547,57.0583470639547,57.0583470639547
12785709523,4310,577.784,57.0583470639547,57.0583470639547,57.0583470639547
12785648478,4401,154.27,0.0,0.0,0.0
12781877393,4453,12600.356,92.97488896345469,82.62722100867627,47.95627996542319
12780969220,4435,120.012,0.0,0.0,0.0
12780909973,4438,19667.03,97.63240814703593,95.32821681768931,95.32821681768931
12780739958,4438,19667.03,97.63240814703593,95.32821681768931,95.32821681768931
12780011509,4438,19667.03,97.63240814703593,95.32821681768931,95.32821681768931
12779599988,4435,120.012,0.0,0.0,0.0
12778743804,4241,125.902,7.11982335467268,7.11982335467268,0.0
12776371162,4410,631.093,0.0,0.0,0.0
12775712009,4213,1212.887,89.87852949203018,80.42719560849446,79.67337435391755
12775571612,4213,1212.887,89.87852949203018,80.42719560849446,79.67337435391755
12769824985,4213,1212.887,89.87852949203018,80.42719560849446,79.67337435391755
12762212770,4380,268.314,0.0,0.0,0.0
12760358073,4434,702.682,65.24985697655555,65.24985697655555,65.24985697655555
12759617497,4213,1212.887,89.87852949203018,80.42719560849446,79.67337435391755
12759411546,4241,125.902,7.11982335467268,7.11982335467268,0.0
12759350819,4434,702.682,65.24985697655555,65.24985697655555,65.24985697655555
12755991485,4434,702.682,65.24985697655555,65.24985697655555,65.24985697655555
12753075271,4380,268.314,0.0,0.0,0.0
12752473965,4213,1212.887,89.87852949203018,80.42719560849446,79.67337435391755
12752456206,4434,702.682,65.24985697655555,65.24985697655555,65.24985697655555
12742389306,4434,702.682,65.24985697655555,65.24985697655555,65.24985697655555
12741818049,4453,12600.356,92.97488896345469,82.62722100867627,47.95627996542319
12741604230,4182,1917.108,70.11049977361735,20.142057724447437,5.386081535312556
12741590652,4434,702.682,65.24985697655555,65.24985697655555,65.24985697655555
12740860224,4434,702.682,65.24985697655555,65.24985697655555,65.24985697655555
12740663064,4434,702.682,65.24985697655555,65.24985697655555,65.24985697655555
12739722226,4426,1000000001244.463,99.9999999819115,99.99999995738409,8.183041982004007e-08
12739112515,4426,1000000001244.463,99.9999999819115,99.99999995738409,8.183041982004007e-08
12738599017,4426,1000000001244.463,99.9999999819115,99.99999995738409,8.183041982004007e-08
12737370858,4426,1000000001244.463,99.9999999819115,99.99999995738409,8.183041982004007e-08
12737120326,4426,1000000001244.463,99.9999999819115,99.99999995738409,8.183041982004007e-08
12736929194,4426,1000000001244.463,99.9999999819115,99.99999995738409,8.183041982004007e-08
12736582659,4434,702.682,65.24985697655555,65.24985697655555,65.24985697655555
12730878813,4434,702.682,65.24985697655555,65.24985697655555,65.24985697655555
12728997660,4434,702.682,65.24985697655555,65.24985697655555,65.24985697655555
