test,start_iso,end_iso,wall_s,energy_kwh,energy_j,emissions_kg,rc
RunLammps,2026-01-09T22:11:40.732288+00:00,2026-01-09T22:11:44.699118+00:00,3.966805,0.000004533,16.318,0.000000629,0
HelpMessage,2026-01-09T22:11:44.706685+00:00,2026-01-09T22:11:48.047245+00:00,3.340542,0.000002071,7.457,0.000000287,0
InvalidFlag,2026-01-09T22:11:48.053807+00:00,2026-01-09T22:11:51.368965+00:00,3.315139,0.000001757,6.324,0.000000244,0
Tokenizer,2026-01-09T22:11:51.379952+00:00,2026-01-09T22:11:54.734066+00:00,3.354098,0.000002071,7.455,0.000000287,0
MemPool,2026-01-09T22:11:54.741608+00:00,2026-01-09T22:11:58.032963+00:00,3.291289,0.000001622,5.839,0.000000225,0
LmpType,2026-01-09T22:11:58.036495+00:00,2026-01-09T22:12:01.338948+00:00,3.302438,0.000001658,5.970,0.000000230,0
NbodyBigint,2026-01-09T22:12:01.343031+00:00,2026-01-09T22:12:04.637779+00:00,3.294733,0.000001631,5.873,0.000000226,0
ArgUtils,2026-01-09T22:12:04.641860+00:00,2026-01-09T22:12:07.950492+00:00,3.308594,0.000001670,6.014,0.000000232,0
Utils,2026-01-09T22:12:07.953007+00:00,2026-01-09T22:12:11.272158+00:00,3.319134,0.000001845,6.643,0.000000256,0
Platform,2026-01-09T22:12:11.278354+00:00,2026-01-09T22:12:15.194621+00:00,3.916251,0.000011208,40.349,0.000001555,0
Lepton,2026-01-09T22:12:15.198832+00:00,2026-01-09T22:12:18.575312+00:00,3.376462,0.000002973,10.702,0.000000412,0
FmtLib,2026-01-09T22:12:18.579797+00:00,2026-01-09T22:12:21.906127+00:00,3.326309,0.000002014,7.250,0.000000279,0
JSON,2026-01-09T22:12:21.909030+00:00,2026-01-09T22:12:25.236145+00:00,3.327095,0.000002012,7.242,0.000000279,0
MathEigen,2026-01-09T22:12:25.239986+00:00,2026-01-09T22:12:28.505903+00:00,3.265877,0.000001116,4.017,0.000000155,0
FFT3D,2026-01-09T22:12:28.509842+00:00,2026-01-09T22:12:32.637357+00:00,4.127498,0.000014570,52.452,0.000002022,0
AtomStyles,2026-01-09T22:12:32.641789+00:00,2026-01-09T22:12:36.093034+00:00,3.451207,0.000004375,15.750,0.000000607,0
ImageFlags,2026-01-09T22:12:36.096013+00:00,2026-01-09T22:12:39.430641+00:00,3.334611,0.000002298,8.273,0.000000319,0
InputConvert,2026-01-09T22:12:39.434280+00:00,2026-01-09T22:12:42.775047+00:00,3.340728,0.000002251,8.103,0.000000312,0
MoleculeFile,2026-01-09T22:12:42.778790+00:00,2026-01-09T22:12:46.184908+00:00,3.406077,0.000003639,13.102,0.000000505,0
PairUnitConvert,2026-01-09T22:12:46.191110+00:00,2026-01-09T22:12:50.654116+00:00,4.462990,0.000020549,73.976,0.000002851,0
PotentialFileReader,2026-01-09T22:12:50.658205+00:00,2026-01-09T22:12:54.042843+00:00,3.384599,0.000003021,10.874,0.000000419,0
EIMPotentialFileReader,2026-01-09T22:12:54.046398+00:00,2026-01-09T22:12:57.380021+00:00,3.333581,0.000002255,8.119,0.000000313,0
TextFileReader,2026-01-09T22:12:57.387520+00:00,2026-01-09T22:13:00.735316+00:00,3.347781,0.000002191,7.887,0.000000304,0
FileOperations,2026-01-09T22:13:00.745656+00:00,2026-01-09T22:13:04.142094+00:00,3.396423,0.000003488,12.556,0.000000484,0
DumpAtom,2026-01-09T22:13:04.150716+00:00,2026-01-09T22:13:07.760655+00:00,3.609923,0.000006964,25.069,0.000000966,0
DumpAtomGZ,2026-01-09T22:13:07.764446+00:00,2026-01-09T22:13:11.292187+00:00,3.527726,0.000005959,21.452,0.000000827,0
DumpCustomGZ,2026-01-09T22:13:11.294552+00:00,2026-01-09T22:13:14.797916+00:00,3.503347,0.000005167,18.602,0.000000717,0
DumpCfgGZ,2026-01-09T22:13:14.801868+00:00,2026-01-09T22:13:18.274958+00:00,3.473075,0.000004714,16.972,0.000000654,0
DumpLocalGZ,2026-01-09T22:13:18.279426+00:00,2026-01-09T22:13:21.802242+00:00,3.522797,0.000005551,19.982,0.000000770,0
DumpXYZGZ,2026-01-09T22:13:21.804934+00:00,2026-01-09T22:13:25.265756+00:00,3.460807,0.000004462,16.063,0.000000619,0
DumpAtomZstd,2026-01-09T22:13:25.269474+00:00,2026-01-09T22:13:28.973254+00:00,3.703764,0.000008305,29.899,0.000001152,0
DumpCustomZstd,2026-01-09T22:13:28.976955+00:00,2026-01-09T22:13:32.492574+00:00,3.515581,0.000005344,19.239,0.000000742,0
DumpCfgZstd,2026-01-09T22:13:32.496901+00:00,2026-01-09T22:13:35.972986+00:00,3.476047,0.000004900,17.640,0.000000680,0
DumpLocalZstd,2026-01-09T22:13:35.977121+00:00,2026-01-09T22:13:39.509848+00:00,3.532686,0.000005686,20.471,0.000000789,0
DumpXYZZstd,2026-01-09T22:13:39.514012+00:00,2026-01-09T22:13:42.984266+00:00,3.470239,0.000004729,17.025,0.000000656,0
DumpCustom,2026-01-09T22:13:42.988375+00:00,2026-01-09T22:13:46.389874+00:00,3.401461,0.000003598,12.951,0.000000499,0
DumpCfg,2026-01-09T22:13:46.392458+00:00,2026-01-09T22:13:49.727827+00:00,3.335354,0.000002385,8.585,0.000000331,0
DumpLocal,2026-01-09T22:13:49.733663+00:00,2026-01-09T22:13:53.097728+00:00,3.364048,0.000002723,9.802,0.000000378,0
SimpleCommands,2026-01-09T22:13:53.102963+00:00,2026-01-09T22:13:57.992369+00:00,4.889377,0.000024670,88.812,0.000003423,0
LatticeRegion,2026-01-09T22:13:57.999433+00:00,2026-01-09T22:14:01.370018+00:00,3.370562,0.000002557,9.205,0.000000355,0
Groups,2026-01-09T22:14:01.372714+00:00,2026-01-09T22:14:04.725688+00:00,3.352958,0.000002387,8.592,0.000000331,0
Regions,2026-01-09T22:14:04.729434+00:00,2026-01-09T22:14:08.062635+00:00,3.333164,0.000002143,7.714,0.000000297,0
DeleteAtoms,2026-01-09T22:14:08.065165+00:00,2026-01-09T22:14:11.370970+00:00,3.305767,0.000002142,7.710,0.000000297,0
SetProperty,2026-01-09T22:14:11.374054+00:00,2026-01-09T22:14:14.691887+00:00,3.317818,0.000002217,7.981,0.000000308,0
Labelmap,2026-01-09T22:14:14.695756+00:00,2026-01-09T22:14:18.029383+00:00,3.333612,0.000002250,8.100,0.000000312,0
Variables,2026-01-09T22:14:18.033704+00:00,2026-01-09T22:14:21.399382+00:00,3.365639,0.000003048,10.972,0.000000423,0
KimCommands,2026-01-09T22:14:21.405215+00:00,2026-01-09T22:14:24.734237+00:00,3.329005,0.000002144,7.720,0.000000298,0
ResetAtoms,2026-01-09T22:14:24.738206+00:00,2026-01-09T22:14:28.094598+00:00,3.356354,0.000002981,10.731,0.000000414,0
ComputeGlobal,2026-01-09T22:14:28.097337+00:00,2026-01-09T22:14:31.415567+00:00,3.318211,0.000002519,9.069,0.000000350,0
ComputeChunk,2026-01-09T22:14:31.418285+00:00,2026-01-09T22:14:34.766413+00:00,3.348091,0.000002686,9.671,0.000000373,0
LibraryOpen,2026-01-09T22:14:34.770343+00:00,2026-01-09T22:14:38.081968+00:00,3.311587,0.000001840,6.622,0.000000255,0
LibraryCommands,2026-01-09T22:14:38.084541+00:00,2026-01-09T22:14:41.404716+00:00,3.320159,0.000002179,7.846,0.000000302,0
LibraryExternal,2026-01-09T22:14:41.411401+00:00,2026-01-09T22:14:44.747841+00:00,3.336421,0.000002201,7.922,0.000000305,0
LibraryProperties,2026-01-09T22:14:44.750405+00:00,2026-01-09T22:14:48.193229+00:00,3.442807,0.000004107,14.785,0.000000570,0
LibraryObjects,2026-01-09T22:14:48.197136+00:00,2026-01-09T22:14:51.541167+00:00,3.343982,0.000002126,7.654,0.000000295,0
LibraryScatterGather,2026-01-09T22:14:51.545322+00:00,2026-01-09T22:14:54.918282+00:00,3.372921,0.000002782,10.016,0.000000386,0
LibraryConfig,2026-01-09T22:14:54.924419+00:00,2026-01-09T22:14:58.266311+00:00,3.341873,0.000002126,7.652,0.000000295,0
LammpsClass,2026-01-09T22:14:58.275247+00:00,2026-01-09T22:15:01.624680+00:00,3.349417,0.000002110,7.595,0.000000293,0
InputClass,2026-01-09T22:15:01.628694+00:00,2026-01-09T22:15:04.962904+00:00,3.334172,0.000002064,7.430,0.000000286,0
AdvancedUtils,2026-01-09T22:15:04.966494+00:00,2026-01-09T22:15:08.319967+00:00,3.353453,0.000002314,8.330,0.000000321,0
ErrorClass,2026-01-09T22:15:08.325707+00:00,2026-01-09T22:15:11.672626+00:00,3.346902,0.000002040,7.343,0.000000283,0
NeighborClass,2026-01-09T22:15:11.678436+00:00,2026-01-09T22:15:15.490312+00:00,3.811860,0.000009933,35.758,0.000001378,0
FortranOpen,2026-01-09T22:15:15.497862+00:00,2026-01-09T22:15:18.817476+00:00,3.319598,0.000001889,6.802,0.000000262,0
FortranCommands,2026-01-09T22:15:18.823771+00:00,2026-01-09T22:15:22.156509+00:00,3.332714,0.000002117,7.620,0.000000294,0
FortranGetThermo,2026-01-09T22:15:22.165273+00:00,2026-01-09T22:15:25.472432+00:00,3.307139,0.000001997,7.189,0.000000277,0
FortranBox,2026-01-09T22:15:25.475274+00:00,2026-01-09T22:15:28.819503+00:00,3.344213,0.000002011,7.239,0.000000279,0
FortranProperties,2026-01-09T22:15:28.827034+00:00,2026-01-09T22:15:32.169552+00:00,3.342497,0.000002073,7.462,0.000000288,0
FortranExtractGlobal,2026-01-09T22:15:32.172347+00:00,2026-01-09T22:15:35.520580+00:00,3.348213,0.000002141,7.706,0.000000297,0
FortranExtractAtom,2026-01-09T22:15:35.528950+00:00,2026-01-09T22:15:38.873181+00:00,3.344213,0.000002117,7.621,0.000000294,0
FortranExtractCompute,2026-01-09T22:15:38.879559+00:00,2026-01-09T22:15:42.219345+00:00,3.339699,0.000002121,7.637,0.000000294,0
FortranExtractFix,2026-01-09T22:15:42.221824+00:00,2026-01-09T22:15:45.568069+00:00,3.346230,0.000002196,7.906,0.000000305,0
FortranExtractVariable,2026-01-09T22:15:45.571755+00:00,2026-01-09T22:15:49.121567+00:00,3.549796,0.000005380,19.368,0.000000746,0
FortranGatherScatter,2026-01-09T22:15:49.125137+00:00,2026-01-09T22:15:52.483737+00:00,3.358580,0.000002905,10.459,0.000000403,0
FortranCreateAtoms,2026-01-09T22:15:52.486385+00:00,2026-01-09T22:15:55.821458+00:00,3.335057,0.000002046,7.367,0.000000284,0
FortranConfiguration,2026-01-09T22:15:55.825244+00:00,2026-01-09T22:15:59.196009+00:00,3.370723,0.000002653,9.550,0.000000368,0
FortranNeighlist,2026-01-09T22:15:59.202740+00:00,2026-01-09T22:16:02.541575+00:00,3.338796,0.000002131,7.670,0.000000296,0
FortranFixExternal,2026-01-09T22:16:02.544025+00:00,2026-01-09T22:16:05.870605+00:00,3.326565,0.000002226,8.014,0.000000309,0
PythonPackage,2026-01-09T22:16:05.874321+00:00,2026-01-09T22:16:09.309681+00:00,3.435344,0.000004174,15.026,0.000000579,0
PythonOpen,2026-01-09T22:16:09.312563+00:00,2026-01-09T22:16:13.041728+00:00,3.729106,0.000008599,30.955,0.000001193,0
PythonCommands,2026-01-09T22:16:13.045492+00:00,2026-01-09T22:16:16.680608+00:00,3.635101,0.000007348,26.452,0.000001020,0
PythonNumpy,2026-01-09T22:16:16.689798+00:00,2026-01-09T22:16:20.172406+00:00,3.482592,0.000004432,15.957,0.000000615,0
PythonCapabilities,2026-01-09T22:16:20.176299+00:00,2026-01-09T22:16:23.702961+00:00,3.526624,0.000005159,18.571,0.000000716,0
PythonCmdWrapper,2026-01-09T22:16:23.707316+00:00,2026-01-09T22:16:27.099880+00:00,3.392548,0.000002889,10.401,0.000000401,0
PythonFormats,2026-01-09T22:16:27.102908+00:00,2026-01-09T22:16:30.534733+00:00,3.431810,0.000004119,14.827,0.000000571,0
PythonPizza,2026-01-09T22:16:30.537341+00:00,2026-01-09T22:16:33.995335+00:00,3.457956,0.000004367,15.721,0.000000606,0
PythonFixExternal,2026-01-09T22:16:33.999761+00:00,2026-01-09T22:16:37.449521+00:00,3.449709,0.000003885,13.987,0.000000539,0
PythonScatterGather,2026-01-09T22:16:37.452088+00:00,2026-01-09T22:16:40.952728+00:00,3.500625,0.000004875,17.551,0.000000676,0
ErrorStats,2026-01-09T22:16:40.956460+00:00,2026-01-09T22:16:44.241900+00:00,3.285403,0.000001127,4.057,0.000000156,0
MolPairStyle:beck,2026-01-09T22:16:44.245489+00:00,2026-01-09T22:16:47.656266+00:00,3.410762,0.000003615,13.014,0.000000502,0
MolPairStyle:born,2026-01-09T22:16:47.660195+00:00,2026-01-09T22:16:51.048205+00:00,3.387973,0.000003683,13.258,0.000000511,0
MolPairStyle:born_coul_dsf,2026-01-09T22:16:51.050701+00:00,2026-01-09T22:16:54.426214+00:00,3.375498,0.000003213,11.567,0.000000446,0
MolPairStyle:born_coul_dsf_cs,2026-01-09T22:16:54.429985+00:00,2026-01-09T22:16:57.812524+00:00,3.382500,0.000003269,11.768,0.000000454,0
MolPairStyle:born_coul_long,2026-01-09T22:16:57.816291+00:00,2026-01-09T22:17:01.227257+00:00,3.410928,0.000003742,13.471,0.000000519,0
MolPairStyle:born_coul_long_cs,2026-01-09T22:17:01.231082+00:00,2026-01-09T22:17:04.606008+00:00,3.374887,0.000003353,12.073,0.000000465,0
MolPairStyle:born_coul_msm,2026-01-09T22:17:04.610256+00:00,2026-01-09T22:17:08.156392+00:00,3.546097,0.000006099,21.957,0.000000846,0
MolPairStyle:born_coul_msm_table,2026-01-09T22:17:08.158947+00:00,2026-01-09T22:17:11.761928+00:00,3.602943,0.000007198,25.912,0.000000999,0
MolPairStyle:born_coul_table_cs,2026-01-09T22:17:11.766083+00:00,2026-01-09T22:17:15.323141+00:00,3.557020,0.000005270,18.974,0.000000731,0
MolPairStyle:born_coul_wolf,2026-01-09T22:17:15.327329+00:00,2026-01-09T22:17:18.722806+00:00,3.395428,0.000003683,13.259,0.000000511,0
MolPairStyle:born_coul_wolf_cs,2026-01-09T22:17:18.725456+00:00,2026-01-09T22:17:22.105547+00:00,3.380072,0.000003349,12.058,0.000000465,0
MolPairStyle:buck,2026-01-09T22:17:22.109552+00:00,2026-01-09T22:17:25.517299+00:00,3.407696,0.000003646,13.127,0.000000506,0
MolPairStyle:buck_coul_cut,2026-01-09T22:17:25.521707+00:00,2026-01-09T22:17:28.951446+00:00,3.429700,0.000003736,13.449,0.000000518,0
MolPairStyle:buck_coul_long,2026-01-09T22:17:28.957674+00:00,2026-01-09T22:17:32.366578+00:00,3.408866,0.000003857,13.884,0.000000535,0
MolPairStyle:buck_coul_long_cs,2026-01-09T22:17:32.372780+00:00,2026-01-09T22:17:35.769921+00:00,3.397125,0.000003337,12.012,0.000000463,0
MolPairStyle:buck_coul_msm,2026-01-09T22:17:35.779207+00:00,2026-01-09T22:17:39.265879+00:00,3.486656,0.000004972,17.900,0.000000690,0
MolPairStyle:buck_coul_msm_table,2026-01-09T22:17:39.268646+00:00,2026-01-09T22:17:42.814423+00:00,3.545761,0.000006056,21.801,0.000000840,0
MolPairStyle:buck_coul_table,2026-01-09T22:17:42.818175+00:00,2026-01-09T22:17:46.390719+00:00,3.572528,0.000006509,23.433,0.000000903,0
MolPairStyle:buck_coul_table_cs,2026-01-09T22:17:46.393232+00:00,2026-01-09T22:17:49.891955+00:00,3.498707,0.000005108,18.388,0.000000709,0
MolPairStyle:buck_long_coul_long,2026-01-09T22:17:49.895905+00:00,2026-01-09T22:17:53.332723+00:00,3.436780,0.000003975,14.310,0.000000552,0
MolPairStyle:buck_long_coul_off,2026-01-09T22:17:53.336736+00:00,2026-01-09T22:17:56.772223+00:00,3.435471,0.000003868,13.926,0.000000537,0
MolPairStyle:buck_long_cut_coul_long,2026-01-09T22:17:56.775783+00:00,2026-01-09T22:18:00.185733+00:00,3.409911,0.000003942,14.192,0.000000547,0
MolPairStyle:buck_mdf,2026-01-09T22:18:00.189894+00:00,2026-01-09T22:18:03.600394+00:00,3.410480,0.000003351,12.064,0.000000465,0
MolPairStyle:buck_table_coul_long,2026-01-09T22:18:03.603760+00:00,2026-01-09T22:18:07.182735+00:00,3.578958,0.000006573,23.661,0.000000912,0
MolPairStyle:buck_table_coul_off,2026-01-09T22:18:07.186472+00:00,2026-01-09T22:18:10.766670+00:00,3.580163,0.000006764,24.351,0.000000939,0
MolPairStyle:buck_table_coul_table,2026-01-09T22:18:10.771216+00:00,2026-01-09T22:18:14.634616+00:00,3.863361,0.000012105,43.579,0.000001680,0
MolPairStyle:cosine_squared,2026-01-09T22:18:14.643091+00:00,2026-01-09T22:18:18.025687+00:00,3.382574,0.000003357,12.084,0.000000466,0
MolPairStyle:coul_ctip,2026-01-09T22:18:18.028267+00:00,2026-01-09T22:18:21.403695+00:00,3.375412,0.000003451,12.424,0.000000479,0
MolPairStyle:coul_cut,2026-01-09T22:18:21.406080+00:00,2026-01-09T22:18:24.820486+00:00,3.414389,0.000003719,13.388,0.000000516,0
MolPairStyle:coul_cut_dielectric,2026-01-09T22:18:24.824255+00:00,2026-01-09T22:18:28.216815+00:00,3.392544,0.000003081,11.092,0.000000428,0
MolPairStyle:coul_cut_global,2026-01-09T22:18:28.222667+00:00,2026-01-09T22:18:31.648718+00:00,3.426035,0.000003793,13.655,0.000000526,0
MolPairStyle:coul_cut_soft,2026-01-09T22:18:31.654636+00:00,2026-01-09T22:18:35.074248+00:00,3.419596,0.000003866,13.916,0.000000536,0
MolPairStyle:coul_debye,2026-01-09T22:18:35.078515+00:00,2026-01-09T22:18:38.467102+00:00,3.388571,0.000003643,13.114,0.000000505,0
MolPairStyle:coul_diel,2026-01-09T22:18:38.469451+00:00,2026-01-09T22:18:41.848938+00:00,3.379471,0.000003593,12.936,0.000000499,0
MolPairStyle:coul_dsf,2026-01-09T22:18:41.851606+00:00,2026-01-09T22:18:45.242817+00:00,3.391194,0.000003661,13.180,0.000000508,0
MolPairStyle:coul_exclude,2026-01-09T22:18:45.246699+00:00,2026-01-09T22:18:48.620244+00:00,3.373528,0.000003316,11.939,0.000000460,0
MolPairStyle:coul_long,2026-01-09T22:18:48.628558+00:00,2026-01-09T22:18:52.053708+00:00,3.425133,0.000003878,13.959,0.000000538,0
MolPairStyle:coul_long_cs,2026-01-09T22:18:52.064656+00:00,2026-01-09T22:18:55.430668+00:00,3.365995,0.000003287,11.832,0.000000456,0
MolPairStyle:coul_long_dielectric,2026-01-09T22:18:55.433442+00:00,2026-01-09T22:18:58.849193+00:00,3.415734,0.000003607,12.984,0.000000500,0
MolPairStyle:coul_long_soft,2026-01-09T22:18:58.852808+00:00,2026-01-09T22:19:02.254198+00:00,3.401351,0.000003818,13.745,0.000000530,0
MolPairStyle:coul_msm,2026-01-09T22:19:02.258079+00:00,2026-01-09T22:19:05.792576+00:00,3.534481,0.000006242,22.471,0.000000866,0
MolPairStyle:coul_msm_table,2026-01-09T22:19:05.796077+00:00,2026-01-09T22:19:09.398332+00:00,3.602239,0.000007351,26.463,0.000001020,0
MolPairStyle:coul_shield,2026-01-09T22:19:09.402429+00:00,2026-01-09T22:19:12.791869+00:00,3.389402,0.000003333,12.000,0.000000462,0
MolPairStyle:coul_slater_cut,2026-01-09T22:19:12.795792+00:00,2026-01-09T22:19:16.180503+00:00,3.384694,0.000003312,11.923,0.000000460,0
MolPairStyle:coul_slater_long,2026-01-09T22:19:16.187296+00:00,2026-01-09T22:19:19.580282+00:00,3.392970,0.000003336,12.010,0.000000463,0
MolPairStyle:coul_streitz_long,2026-01-09T22:19:19.582985+00:00,2026-01-09T22:19:22.975102+00:00,3.392102,0.000003636,13.089,0.000000504,0
MolPairStyle:coul_streitz_wolf,2026-01-09T22:19:22.977919+00:00,2026-01-09T22:19:26.386647+00:00,3.408686,0.000003541,12.746,0.000000491,0
MolPairStyle:coul_table,2026-01-09T22:19:26.395758+00:00,2026-01-09T22:19:29.963136+00:00,3.567340,0.000006574,23.667,0.000000912,0
MolPairStyle:coul_table_cs,2026-01-09T22:19:29.970085+00:00,2026-01-09T22:19:33.441545+00:00,3.471420,0.000005080,18.286,0.000000705,0
MolPairStyle:coul_table_dielectric,2026-01-09T22:19:33.443902+00:00,2026-01-09T22:19:36.935623+00:00,3.491704,0.000004929,17.746,0.000000684,0
MolPairStyle:coul_wolf,2026-01-09T22:19:36.941725+00:00,2026-01-09T22:19:40.350814+00:00,3.409072,0.000003639,13.099,0.000000505,0
MolPairStyle:coul_wolf_cs,2026-01-09T22:19:40.359767+00:00,2026-01-09T22:19:43.764691+00:00,3.404907,0.000003238,11.659,0.000000449,0
MolPairStyle:dpd,2026-01-09T22:19:43.772125+00:00,2026-01-09T22:19:47.180676+00:00,3.408511,0.000003416,12.297,0.000000474,0
MolPairStyle:dpd_coul_slater_long,2026-01-09T22:19:47.187749+00:00,2026-01-09T22:19:50.567242+00:00,3.379455,0.000003064,11.031,0.000000425,0
MolPairStyle:dpd_ext,2026-01-09T22:19:50.569701+00:00,2026-01-09T22:19:53.968773+00:00,3.399055,0.000003522,12.680,0.000000489,0
MolPairStyle:dpd_ext_tstat,2026-01-09T22:19:53.977457+00:00,2026-01-09T22:19:57.409700+00:00,3.432227,0.000003530,12.709,0.000000490,0
MolPairStyle:dpd_tstat,2026-01-09T22:19:57.413750+00:00,2026-01-09T22:20:00.793695+00:00,3.379929,0.000003405,12.259,0.000000472,0
MolPairStyle:e3b,2026-01-09T22:20:00.800457+00:00,2026-01-09T22:20:04.189688+00:00,3.389214,0.000003496,12.584,0.000000485,0
MolPairStyle:gauss,2026-01-09T22:20:04.196338+00:00,2026-01-09T22:20:07.600948+00:00,3.404594,0.000003712,13.363,0.000000515,0
MolPairStyle:gauss_cut,2026-01-09T22:20:07.603603+00:00,2026-01-09T22:20:11.017890+00:00,3.414271,0.000003784,13.621,0.000000525,0
MolPairStyle:harmonic_cut,2026-01-09T22:20:11.020666+00:00,2026-01-09T22:20:14.422317+00:00,3.401612,0.000003752,13.509,0.000000521,0
MolPairStyle:hbond_dreiding_lj,2026-01-09T22:20:14.426449+00:00,2026-01-09T22:20:17.815159+00:00,3.388672,0.000003426,12.335,0.000000475,0
MolPairStyle:hbond_dreiding_lj_angleoffset,2026-01-09T22:20:17.817570+00:00,2026-01-09T22:20:21.208007+00:00,3.390412,0.000003591,12.929,0.000000498,0
MolPairStyle:hbond_dreiding_morse,2026-01-09T22:20:21.210952+00:00,2026-01-09T22:20:24.597706+00:00,3.386738,0.000003454,12.433,0.000000479,0
MolPairStyle:hbond_dreiding_morse_angleoffset,2026-01-09T22:20:24.601573+00:00,2026-01-09T22:20:27.982474+00:00,3.380878,0.000003515,12.656,0.000000488,0
MolPairStyle:hybrid-overlay,2026-01-09T22:20:27.984824+00:00,2026-01-09T22:20:31.401967+00:00,3.417126,0.000003666,13.199,0.000000509,0
MolPairStyle:hybrid-scaled,2026-01-09T22:20:31.406487+00:00,2026-01-09T22:20:34.802330+00:00,3.395803,0.000003268,11.765,0.000000453,0
MolPairStyle:hybrid,2026-01-09T22:20:34.806136+00:00,2026-01-09T22:20:38.234687+00:00,3.428509,0.000004050,14.579,0.000000562,0
MolPairStyle:hybrid_molecular,2026-01-09T22:20:38.243241+00:00,2026-01-09T22:20:41.673250+00:00,3.429993,0.000003869,13.930,0.000000537,0
MolPairStyle:hybrid_molecular_lj_morse,2026-01-09T22:20:41.681735+00:00,2026-01-09T22:20:45.109187+00:00,3.427414,0.000003973,14.301,0.000000551,0
MolPairStyle:hybrid_multiple,2026-01-09T22:20:45.117948+00:00,2026-01-09T22:20:48.554426+00:00,3.436448,0.000004256,15.322,0.000000591,0
MolPairStyle:lennard_mdf,2026-01-09T22:20:48.562834+00:00,2026-01-09T22:20:51.960413+00:00,3.397560,0.000003283,11.818,0.000000455,0
MolPairStyle:lepton,2026-01-09T22:20:51.964495+00:00,2026-01-09T22:20:55.690872+00:00,3.726335,0.000009808,35.310,0.000001361,0
MolPairStyle:lepton_coul,2026-01-09T22:20:55.695103+00:00,2026-01-09T22:20:59.468536+00:00,3.773395,0.000010291,37.048,0.000001428,0
MolPairStyle:lepton_coul_long,2026-01-09T22:20:59.472336+00:00,2026-01-09T22:21:02.911454+00:00,3.439079,0.000004268,15.365,0.000000592,0
MolPairStyle:lepton_zbl,2026-01-09T22:21:02.920089+00:00,2026-01-09T22:21:06.418221+00:00,3.498116,0.000005444,19.598,0.000000755,0
MolPairStyle:lj96_cut,2026-01-09T22:21:06.426151+00:00,2026-01-09T22:21:09.839066+00:00,3.412899,0.000003790,13.644,0.000000526,0
MolPairStyle:lj_charmm_coul_charmm,2026-01-09T22:21:09.847789+00:00,2026-01-09T22:21:13.253072+00:00,3.405263,0.000003631,13.073,0.000000504,0
MolPairStyle:lj_charmm_coul_charmm_implicit,2026-01-09T22:21:13.256658+00:00,2026-01-09T22:21:16.659035+00:00,3.402361,0.000003668,13.204,0.000000509,0
MolPairStyle:lj_charmm_coul_long,2026-01-09T22:21:16.662778+00:00,2026-01-09T22:21:20.103910+00:00,3.441095,0.000004410,15.877,0.000000612,0
MolPairStyle:lj_charmm_coul_long_soft,2026-01-09T22:21:20.108230+00:00,2026-01-09T22:21:23.559381+00:00,3.451126,0.000004060,14.617,0.000000563,0
MolPairStyle:lj_charmm_coul_msm,2026-01-09T22:21:23.568343+00:00,2026-01-09T22:21:27.150034+00:00,3.581672,0.000006721,24.195,0.000000933,0
MolPairStyle:lj_charmm_coul_msm_table,2026-01-09T22:21:27.158561+00:00,2026-01-09T22:21:30.806981+00:00,3.648361,0.000008172,29.419,0.000001134,0
MolPairStyle:lj_charmm_coul_table,2026-01-09T22:21:30.810941+00:00,2026-01-09T22:21:34.441147+00:00,3.630174,0.000007735,27.847,0.000001073,0
MolPairStyle:lj_charmmfsw_coul_charmmfsw,2026-01-09T22:21:34.447377+00:00,2026-01-09T22:21:37.821969+00:00,3.374542,0.000003352,12.069,0.000000465,0
MolPairStyle:lj_charmmfsw_coul_long,2026-01-09T22:21:37.825856+00:00,2026-01-09T22:21:41.235687+00:00,3.409794,0.000003868,13.925,0.000000537,0
MolPairStyle:lj_charmmfsw_coul_table,2026-01-09T22:21:41.238105+00:00,2026-01-09T22:21:44.749580+00:00,3.511454,0.000005825,20.970,0.000000808,0
MolPairStyle:lj_class2,2026-01-09T22:21:44.753746+00:00,2026-01-09T22:21:48.158556+00:00,3.404794,0.000003883,13.978,0.000000539,0
MolPairStyle:lj_class2_coul_cut,2026-01-09T22:21:48.162260+00:00,2026-01-09T22:21:51.563330+00:00,3.401053,0.000003714,13.372,0.000000515,0
MolPairStyle:lj_class2_coul_cut_soft,2026-01-09T22:21:51.566949+00:00,2026-01-09T22:21:54.930959+00:00,3.363971,0.000003361,12.101,0.000000466,0
MolPairStyle:lj_class2_coul_long,2026-01-09T22:21:54.933364+00:00,2026-01-09T22:21:58.357044+00:00,3.423663,0.000003945,14.202,0.000000547,0
MolPairStyle:lj_class2_coul_long_cs,2026-01-09T22:21:58.363511+00:00,2026-01-09T22:22:01.750658+00:00,3.387131,0.000003541,12.748,0.000000491,0
MolPairStyle:lj_class2_coul_long_soft,2026-01-09T22:22:01.759530+00:00,2026-01-09T22:22:05.122179+00:00,3.362632,0.000003345,12.042,0.000000464,0
MolPairStyle:lj_class2_coul_table,2026-01-09T22:22:05.124916+00:00,2026-01-09T22:22:08.680688+00:00,3.555757,0.000007072,25.461,0.000000981,0
MolPairStyle:lj_class2_coul_table_cs,2026-01-09T22:22:08.684062+00:00,2026-01-09T22:22:12.140040+00:00,3.455961,0.000004998,17.993,0.000000693,0
MolPairStyle:lj_class2_soft,2026-01-09T22:22:12.142474+00:00,2026-01-09T22:22:15.513727+00:00,3.371238,0.000003287,11.834,0.000000456,0
MolPairStyle:lj_cubic,2026-01-09T22:22:15.517515+00:00,2026-01-09T22:22:18.901939+00:00,3.384385,0.000003590,12.925,0.000000498,0
MolPairStyle:lj_cut,2026-01-09T22:22:18.905885+00:00,2026-01-09T22:22:22.326460+00:00,3.420560,0.000004078,14.682,0.000000566,0
MolPairStyle:lj_cut_coul_cut,2026-01-09T22:22:22.330998+00:00,2026-01-09T22:22:25.733985+00:00,3.402947,0.000003791,13.649,0.000000526,0
MolPairStyle:lj_cut_coul_cut_dielectric,2026-01-09T22:22:25.743227+00:00,2026-01-09T22:22:29.150981+00:00,3.407738,0.000003594,12.937,0.000000499,0
MolPairStyle:lj_cut_coul_cut_soft,2026-01-09T22:22:29.155159+00:00,2026-01-09T22:22:32.549073+00:00,3.393876,0.000003988,14.355,0.000000553,0
MolPairStyle:lj_cut_coul_debye,2026-01-09T22:22:32.551701+00:00,2026-01-09T22:22:35.941543+00:00,3.389825,0.000003746,13.487,0.000000520,0
MolPairStyle:lj_cut_coul_debye_dielectric,2026-01-09T22:22:35.945600+00:00,2026-01-09T22:22:39.345574+00:00,3.399957,0.000003578,12.882,0.000000496,0
MolPairStyle:lj_cut_coul_dsf,2026-01-09T22:22:39.354100+00:00,2026-01-09T22:22:42.762989+00:00,3.408874,0.000003754,13.513,0.000000521,0
MolPairStyle:lj_cut_coul_long,2026-01-09T22:22:42.771756+00:00,2026-01-09T22:22:46.182312+00:00,3.410537,0.000004167,15.000,0.000000578,0
MolPairStyle:lj_cut_coul_long_cs,2026-01-09T22:22:46.184873+00:00,2026-01-09T22:22:49.564847+00:00,3.379956,0.000003366,12.119,0.000000467,0
MolPairStyle:lj_cut_coul_long_dielectric,2026-01-09T22:22:49.567336+00:00,2026-01-09T22:22:52.981499+00:00,3.414146,0.000004111,14.798,0.000000570,0
MolPairStyle:lj_cut_coul_long_soft,2026-01-09T22:22:52.983938+00:00,2026-01-09T22:22:56.408395+00:00,3.424440,0.000004015,14.453,0.000000557,0
MolPairStyle:lj_cut_coul_msm,2026-01-09T22:22:56.412443+00:00,2026-01-09T22:22:59.980922+00:00,3.568447,0.000006583,23.700,0.000000913,0
MolPairStyle:lj_cut_coul_msm_dielectric,2026-01-09T22:22:59.983370+00:00,2026-01-09T22:23:03.423567+00:00,3.440181,0.000004458,16.049,0.000000619,0
MolPairStyle:lj_cut_coul_msm_table,2026-01-09T22:23:03.430186+00:00,2026-01-09T22:23:07.069267+00:00,3.639064,0.000007970,28.693,0.000001106,0
MolPairStyle:lj_cut_coul_table,2026-01-09T22:23:07.078341+00:00,2026-01-09T22:23:10.699388+00:00,3.621030,0.000007997,28.791,0.000001110,0
MolPairStyle:lj_cut_coul_table_cs,2026-01-09T22:23:10.707218+00:00,2026-01-09T22:23:14.200290+00:00,3.493056,0.000005369,19.330,0.000000745,0
MolPairStyle:lj_cut_coul_table_dielectric,2026-01-09T22:23:14.208198+00:00,2026-01-09T22:23:17.762834+00:00,3.554618,0.000006497,23.388,0.000000901,0
MolPairStyle:lj_cut_coul_wolf,2026-01-09T22:23:17.771049+00:00,2026-01-09T22:23:21.170466+00:00,3.399400,0.000003810,13.717,0.000000529,0
MolPairStyle:lj_cut_dipole_cut,2026-01-09T22:23:21.178776+00:00,2026-01-09T22:23:24.573499+00:00,3.394705,0.000003783,13.618,0.000000525,0
MolPairStyle:lj_cut_dipole_long,2026-01-09T22:23:24.577360+00:00,2026-01-09T22:23:27.954309+00:00,3.376929,0.000003433,12.359,0.000000476,0
MolPairStyle:lj_cut_soft,2026-01-09T22:23:27.958315+00:00,2026-01-09T22:23:31.369264+00:00,3.410910,0.000003918,14.103,0.000000544,0
MolPairStyle:lj_cut_tip4p_cut,2026-01-09T22:23:31.373009+00:00,2026-01-09T22:23:34.767452+00:00,3.394405,0.000003746,13.487,0.000000520,0
MolPairStyle:lj_cut_tip4p_long,2026-01-09T22:23:34.771114+00:00,2026-01-09T22:23:38.224681+00:00,3.453529,0.000004894,17.619,0.000000679,0
MolPairStyle:lj_cut_tip4p_long_soft,2026-01-09T22:23:38.227188+00:00,2026-01-09T22:23:41.644676+00:00,3.417449,0.000004464,16.069,0.000000619,0
MolPairStyle:lj_cut_tip4p_table,2026-01-09T22:23:41.647178+00:00,2026-01-09T22:23:45.245000+00:00,3.597805,0.000007558,27.210,0.000001049,0
MolPairStyle:lj_expand,2026-01-09T22:23:45.248601+00:00,2026-01-09T22:23:48.653907+00:00,3.405267,0.000003649,13.135,0.000000506,0
MolPairStyle:lj_expand_coul_long,2026-01-09T22:23:48.656688+00:00,2026-01-09T22:23:52.045180+00:00,3.388474,0.000003538,12.736,0.000000491,0
MolPairStyle:lj_expand_coul_table,2026-01-09T22:23:52.047484+00:00,2026-01-09T22:23:55.558507+00:00,3.511007,0.000005934,21.361,0.000000823,0
MolPairStyle:lj_gromacs,2026-01-09T22:23:55.567460+00:00,2026-01-09T22:23:58.978021+00:00,3.410545,0.000003615,13.015,0.000000502,0
MolPairStyle:lj_gromacs_coul_gromacs,2026-01-09T22:23:58.982104+00:00,2026-01-09T22:24:02.397678+00:00,3.415536,0.000003707,13.345,0.000000514,0
MolPairStyle:lj_long_coul_long,2026-01-09T22:24:02.400036+00:00,2026-01-09T22:24:05.832647+00:00,3.432595,0.000004194,15.097,0.000000582,0
MolPairStyle:lj_long_coul_long_dielectric,2026-01-09T22:24:05.836832+00:00,2026-01-09T22:24:16.483702+00:00,10.646831,0.000115918,417.306,0.000016084,0
MolPairStyle:lj_long_coul_off,2026-01-09T22:24:16.486544+00:00,2026-01-09T22:24:19.924320+00:00,3.437756,0.000004045,14.563,0.000000561,0
MolPairStyle:lj_long_cut_coul_long,2026-01-09T22:24:19.928379+00:00,2026-01-09T22:24:23.359823+00:00,3.431405,0.000004120,14.833,0.000000572,0
MolPairStyle:lj_long_cut_dipole_long,2026-01-09T22:24:23.362322+00:00,2026-01-09T22:24:26.758295+00:00,3.395956,0.000003374,12.145,0.000000468,0
MolPairStyle:lj_long_cut_tip4p_long,2026-01-09T22:24:26.764530+00:00,2026-01-09T22:24:30.243114+00:00,3.478566,0.000004719,16.989,0.000000655,0
MolPairStyle:lj_long_dipole_long,2026-01-09T22:24:30.250127+00:00,2026-01-09T22:24:33.648880+00:00,3.398737,0.000003352,12.069,0.000000465,0
MolPairStyle:lj_long_tip4p_long,2026-01-09T22:24:33.652558+00:00,2026-01-09T22:24:41.648831+00:00,7.996255,0.000076287,274.634,0.000010585,0
MolPairStyle:lj_mdf,2026-01-09T22:24:41.651213+00:00,2026-01-09T22:24:45.053012+00:00,3.401782,0.000003363,12.108,0.000000467,0
MolPairStyle:lj_pirani,2026-01-09T22:24:45.056568+00:00,2026-01-09T22:24:48.480165+00:00,3.423543,0.000003900,14.041,0.000000541,0
MolPairStyle:lj_sf_dipole_sf,2026-01-09T22:24:48.483873+00:00,2026-01-09T22:24:51.887644+00:00,3.403754,0.000003559,12.812,0.000000494,0
MolPairStyle:lj_smooth,2026-01-09T22:24:51.891391+00:00,2026-01-09T22:24:55.304326+00:00,3.412919,0.000003732,13.437,0.000000518,0
MolPairStyle:lj_smooth_linear,2026-01-09T22:24:55.306996+00:00,2026-01-09T22:24:58.721391+00:00,3.414378,0.000003780,13.608,0.000000524,0
MolPairStyle:lj_spica,2026-01-09T22:24:58.725576+00:00,2026-01-09T22:25:02.162973+00:00,3.437345,0.000003957,14.244,0.000000549,0
MolPairStyle:lj_spica_coul_long,2026-01-09T22:25:02.166775+00:00,2026-01-09T22:25:05.571834+00:00,3.405041,0.000003785,13.625,0.000000525,0
MolPairStyle:lj_spica_coul_msm,2026-01-09T22:25:05.575816+00:00,2026-01-09T22:25:09.121573+00:00,3.545741,0.000006418,23.105,0.000000891,0
MolPairStyle:lj_spica_coul_msm_table,2026-01-09T22:25:09.128544+00:00,2026-01-09T22:25:12.725287+00:00,3.596727,0.000007342,26.430,0.000001019,0
MolPairStyle:lj_spica_coul_table,2026-01-09T22:25:12.727767+00:00,2026-01-09T22:25:16.281631+00:00,3.553848,0.000006460,23.255,0.000000896,0
MolPairStyle:lj_switch3_coulgauss_long,2026-01-09T22:25:16.287942+00:00,2026-01-09T22:25:19.680454+00:00,3.392469,0.000003392,12.211,0.000000471,0
MolPairStyle:lj_switch3_coulgauss_table,2026-01-09T22:25:19.687498+00:00,2026-01-09T22:25:23.216673+00:00,3.529160,0.000005531,19.912,0.000000767,0
MolPairStyle:lj_table_coul_long,2026-01-09T22:25:23.223689+00:00,2026-01-09T22:25:26.805821+00:00,3.582114,0.000007215,25.975,0.000001001,0
MolPairStyle:lj_table_coul_off,2026-01-09T22:25:26.809774+00:00,2026-01-09T22:25:30.410797+00:00,3.600985,0.000007253,26.110,0.000001006,0
MolPairStyle:lj_table_coul_table,2026-01-09T22:25:30.420055+00:00,2026-01-09T22:25:34.341843+00:00,3.921771,0.000013180,47.447,0.000001829,0
MolPairStyle:lj_table_tip4p_long,2026-01-09T22:25:34.344642+00:00,2026-01-09T22:25:42.434036+00:00,8.089356,0.000077681,279.653,0.000010778,0
MolPairStyle:lj_table_tip4p_table,2026-01-09T22:25:42.438095+00:00,2026-01-09T22:25:50.755363+00:00,8.317230,0.000081403,293.051,0.000011295,0
MolPairStyle:mie_cut,2026-01-09T22:25:50.758785+00:00,2026-01-09T22:25:54.168815+00:00,3.410011,0.000003586,12.910,0.000000498,0
MolPairStyle:mm3_switch3_coulgauss_long,2026-01-09T22:25:54.173187+00:00,2026-01-09T22:25:57.566352+00:00,3.393127,0.000003432,12.356,0.000000476,0
MolPairStyle:mm3_switch3_coulgauss_table,2026-01-09T22:25:57.569026+00:00,2026-01-09T22:26:01.089229+00:00,3.520187,0.000005700,20.519,0.000000791,0
MolPairStyle:morse,2026-01-09T22:26:01.097792+00:00,2026-01-09T22:26:04.540651+00:00,3.442842,0.000003924,14.125,0.000000544,0
MolPairStyle:morse_smooth_linear,2026-01-09T22:26:04.544497+00:00,2026-01-09T22:26:07.960865+00:00,3.416330,0.000003846,13.845,0.000000534,0
MolPairStyle:morse_soft,2026-01-09T22:26:07.964478+00:00,2026-01-09T22:26:11.369343+00:00,3.404821,0.000003448,12.412,0.000000478,0
MolPairStyle:nm_cut,2026-01-09T22:26:11.373128+00:00,2026-01-09T22:26:14.778340+00:00,3.405172,0.000003737,13.453,0.000000518,0
MolPairStyle:nm_cut_coul_cut,2026-01-09T22:26:14.787964+00:00,2026-01-09T22:26:18.193379+00:00,3.405399,0.000003689,13.280,0.000000512,0
MolPairStyle:nm_cut_coul_long,2026-01-09T22:26:18.201205+00:00,2026-01-09T22:26:21.617428+00:00,3.416206,0.000003766,13.556,0.000000522,0
MolPairStyle:nm_cut_coul_table,2026-01-09T22:26:21.625734+00:00,2026-01-09T22:26:25.209934+00:00,3.584182,0.000006523,23.482,0.000000905,0
MolPairStyle:nm_cut_split,2026-01-09T22:26:25.219823+00:00,2026-01-09T22:26:28.608172+00:00,3.388333,0.000003269,11.768,0.000000454,0
MolPairStyle:python_hybrid,2026-01-09T22:26:28.611887+00:00,2026-01-09T22:26:32.046407+00:00,3.434481,0.000004224,15.208,0.000000586,0
MolPairStyle:python_lj,2026-01-09T22:26:32.050409+00:00,2026-01-09T22:26:35.456040+00:00,3.405615,0.000003676,13.235,0.000000510,0
MolPairStyle:soft,2026-01-09T22:26:35.464792+00:00,2026-01-09T22:26:38.872692+00:00,3.407880,0.000003630,13.067,0.000000504,0
MolPairStyle:table,2026-01-09T22:26:38.880102+00:00,2026-01-09T22:26:43.317898+00:00,4.437780,0.000021984,79.144,0.000003050,0
MolPairStyle:tip4p_cut,2026-01-09T22:26:43.322949+00:00,2026-01-09T22:26:46.761386+00:00,3.438397,0.000003731,13.430,0.000000518,0
MolPairStyle:tip4p_long,2026-01-09T22:26:46.765324+00:00,2026-01-09T22:26:50.220472+00:00,3.455106,0.000004526,16.294,0.000000628,0
MolPairStyle:tip4p_long_soft,2026-01-09T22:26:50.224519+00:00,2026-01-09T22:26:53.670734+00:00,3.446168,0.000004454,16.035,0.000000618,0
MolPairStyle:tip4p_table,2026-01-09T22:26:53.674291+00:00,2026-01-09T22:26:57.243849+00:00,3.569519,0.000006855,24.679,0.000000951,0
MolPairStyle:ufm,2026-01-09T22:26:57.247769+00:00,2026-01-09T22:27:00.671509+00:00,3.423702,0.000003892,14.010,0.000000540,0
MolPairStyle:wf_cut,2026-01-09T22:27:00.674979+00:00,2026-01-09T22:27:04.064746+00:00,3.389751,0.000003311,11.919,0.000000459,0
MolPairStyle:yukawa,2026-01-09T22:27:04.072671+00:00,2026-01-09T22:27:07.495091+00:00,3.422403,0.000003669,13.209,0.000000509,0
MolPairStyle:zbl,2026-01-09T22:27:07.497720+00:00,2026-01-09T22:27:10.912629+00:00,3.414892,0.000003740,13.465,0.000000519,0
MolPairStyle:zero,2026-01-09T22:27:10.915504+00:00,2026-01-09T22:27:14.311995+00:00,3.396474,0.000003513,12.646,0.000000487,0
AtomicPairStyle:adp,2026-01-09T22:27:14.316022+00:00,2026-01-09T22:27:18.605643+00:00,4.289605,0.000018798,67.674,0.000002608,0
AtomicPairStyle:atm,2026-01-09T22:27:18.613629+00:00,2026-01-09T22:27:22.341178+00:00,3.727534,0.000008648,31.132,0.000001200,0
AtomicPairStyle:beck,2026-01-09T22:27:22.343908+00:00,2026-01-09T22:27:25.735927+00:00,3.392003,0.000003361,12.099,0.000000466,0
AtomicPairStyle:born,2026-01-09T22:27:25.740027+00:00,2026-01-09T22:27:29.142971+00:00,3.402905,0.000003427,12.338,0.000000476,0
AtomicPairStyle:born_gauss,2026-01-09T22:27:29.150301+00:00,2026-01-09T22:27:32.556126+00:00,3.405786,0.000003228,11.620,0.000000448,0
AtomicPairStyle:buck_coul_cut_qeq_point,2026-01-09T22:27:32.565690+00:00,2026-01-09T22:27:36.012313+00:00,3.446606,0.000004319,15.548,0.000000599,0
AtomicPairStyle:buck_coul_cut_qeq_shielded,2026-01-09T22:27:36.016270+00:00,2026-01-09T22:27:39.510445+00:00,3.494137,0.000004459,16.052,0.000000619,0
AtomicPairStyle:colloid,2026-01-09T22:27:39.512697+00:00,2026-01-09T22:27:42.901381+00:00,3.388665,0.000002883,10.380,0.000000400,0
AtomicPairStyle:colloid_multi,2026-01-09T22:27:42.911753+00:00,2026-01-09T22:27:46.302079+00:00,3.390309,0.000002931,10.551,0.000000407,0
AtomicPairStyle:colloid_multi_tri,2026-01-09T22:27:46.305619+00:00,2026-01-09T22:27:49.688436+00:00,3.382783,0.000003047,10.969,0.000000423,0
AtomicPairStyle:colloid_tiled,2026-01-09T22:27:49.692131+00:00,2026-01-09T22:27:53.060521+00:00,3.368374,0.000002927,10.536,0.000000406,0
AtomicPairStyle:colloid_tiled_tri,2026-01-09T22:27:53.064046+00:00,2026-01-09T22:27:56.441443+00:00,3.377381,0.000002950,10.621,0.000000409,0
AtomicPairStyle:eam,2026-01-09T22:27:56.450816+00:00,2026-01-09T22:27:59.888413+00:00,3.437582,0.000004331,15.591,0.000000601,0
AtomicPairStyle:eam_alloy,2026-01-09T22:27:59.897232+00:00,2026-01-09T22:28:03.326886+00:00,3.429638,0.000004139,14.902,0.000000574,0
AtomicPairStyle:eam_alloy_real,2026-01-09T22:28:03.334696+00:00,2026-01-09T22:28:06.764844+00:00,3.430132,0.000004130,14.867,0.000000573,0
AtomicPairStyle:eam_cd,2026-01-09T22:28:06.768534+00:00,2026-01-09T22:28:10.248944+00:00,3.480373,0.000005313,19.127,0.000000737,0
AtomicPairStyle:eam_cd_old,2026-01-09T22:28:10.252777+00:00,2026-01-09T22:28:13.738771+00:00,3.485977,0.000005360,19.297,0.000000744,0
AtomicPairStyle:eam_cd_real,2026-01-09T22:28:13.741214+00:00,2026-01-09T22:28:17.238116+00:00,3.496886,0.000005499,19.797,0.000000763,0
AtomicPairStyle:eam_fs,2026-01-09T22:28:17.244184+00:00,2026-01-09T22:28:21.239717+00:00,3.995494,0.000013714,49.370,0.000001903,0
AtomicPairStyle:eam_fs_real,2026-01-09T22:28:21.242217+00:00,2026-01-09T22:28:25.245854+00:00,4.003618,0.000013875,49.948,0.000001925,0
AtomicPairStyle:eam_he,2026-01-09T22:28:25.250018+00:00,2026-01-09T22:28:28.802173+00:00,3.552135,0.000005889,21.201,0.000000817,0
AtomicPairStyle:eam_he_real,2026-01-09T22:28:28.812058+00:00,2026-01-09T22:28:32.334655+00:00,3.522581,0.000005954,21.436,0.000000826,0
AtomicPairStyle:eam_real,2026-01-09T22:28:32.343316+00:00,2026-01-09T22:28:35.803303+00:00,3.459970,0.000004366,15.717,0.000000606,0
AtomicPairStyle:edip,2026-01-09T22:28:35.805707+00:00,2026-01-09T22:28:39.762092+00:00,3.956364,0.000012822,46.160,0.000001779,0
AtomicPairStyle:eim,2026-01-09T22:28:39.766081+00:00,2026-01-09T22:28:43.280674+00:00,3.514572,0.000005640,20.303,0.000000783,0
AtomicPairStyle:gauss,2026-01-09T22:28:43.288937+00:00,2026-01-09T22:28:46.692242+00:00,3.403288,0.000003491,12.567,0.000000484,0
AtomicPairStyle:hybrid-eam,2026-01-09T22:28:46.701223+00:00,2026-01-09T22:28:50.133732+00:00,3.432488,0.000004267,15.361,0.000000592,0
AtomicPairStyle:hybrid-eam_fs,2026-01-09T22:28:50.142029+00:00,2026-01-09T22:28:54.157188+00:00,4.015141,0.000013651,49.145,0.000001894,0
AtomicPairStyle:kim_lj,2026-01-09T22:28:54.160817+00:00,2026-01-09T22:28:57.496071+00:00,3.335201,0.000002259,8.131,0.000000313,0
AtomicPairStyle:lepton_sphere,2026-01-09T22:28:57.499682+00:00,2026-01-09T22:29:00.899938+00:00,3.400237,0.000003533,12.720,0.000000490,0
AtomicPairStyle:lj_cut_sphere,2026-01-09T22:29:00.906793+00:00,2026-01-09T22:29:04.272078+00:00,3.365269,0.000002965,10.676,0.000000411,0
AtomicPairStyle:lj_expand_sphere,2026-01-09T22:29:04.276164+00:00,2026-01-09T22:29:07.750730+00:00,3.474527,0.000003006,10.821,0.000000417,0
AtomicPairStyle:lj_relres,2026-01-09T22:29:07.754321+00:00,2026-01-09T22:29:11.154541+00:00,3.400187,0.000003473,12.502,0.000000482,0
AtomicPairStyle:meam,2026-01-09T22:29:11.158517+00:00,2026-01-09T22:29:14.952001+00:00,3.793434,0.000009897,35.628,0.000001373,0
AtomicPairStyle:meam_2nn,2026-01-09T22:29:14.958186+00:00,2026-01-09T22:29:19.639336+00:00,4.681134,0.000023553,84.792,0.000003268,0
AtomicPairStyle:meam_ms,2026-01-09T22:29:19.642910+00:00,2026-01-09T22:29:23.087318+00:00,3.444391,0.000004365,15.715,0.000000606,0
AtomicPairStyle:meam_sc,2026-01-09T22:29:23.095072+00:00,2026-01-09T22:29:26.526765+00:00,3.431675,0.000004153,14.950,0.000000576,0
AtomicPairStyle:meam_spline,2026-01-09T22:29:26.531013+00:00,2026-01-09T22:29:29.978235+00:00,3.447206,0.000004557,16.407,0.000000632,0
AtomicPairStyle:meam_sw_spline,2026-01-09T22:29:29.987666+00:00,2026-01-09T22:29:33.386611+00:00,3.398928,0.000003460,12.455,0.000000480,0
AtomicPairStyle:momb,2026-01-09T22:29:33.389097+00:00,2026-01-09T22:29:36.770577+00:00,3.381463,0.000003129,11.264,0.000000434,0
AtomicPairStyle:pedone,2026-01-09T22:29:36.774432+00:00,2026-01-09T22:29:40.169473+00:00,3.394991,0.000003463,12.467,0.000000480,0
AtomicPairStyle:polymorphic_eam,2026-01-09T22:29:40.172200+00:00,2026-01-09T22:29:43.682205+00:00,3.509988,0.000005227,18.817,0.000000725,0
AtomicPairStyle:reaxff-acks2,2026-01-09T22:29:43.689792+00:00,2026-01-09T22:29:48.529591+00:00,4.839753,0.000027364,98.510,0.000003797,0
AtomicPairStyle:reaxff-acks2_efield,2026-01-09T22:29:48.533821+00:00,2026-01-09T22:29:52.044446+00:00,3.510593,0.000005322,19.158,0.000000738,0
AtomicPairStyle:reaxff-qtpie,2026-01-09T22:29:52.048489+00:00,2026-01-09T22:29:57.443611+00:00,5.395084,0.000036670,132.010,0.000005088,0
AtomicPairStyle:reaxff,2026-01-09T22:29:57.447816+00:00,2026-01-09T22:30:02.898674+00:00,5.450819,0.000038153,137.349,0.000005294,0
AtomicPairStyle:reaxff_lgvdw,2026-01-09T22:30:02.902791+00:00,2026-01-09T22:30:08.498988+00:00,5.596157,0.000040178,144.641,0.000005575,0
AtomicPairStyle:reaxff_noqeq,2026-01-09T22:30:08.501365+00:00,2026-01-09T22:30:14.313754+00:00,5.812373,0.000044555,160.398,0.000006182,0
AtomicPairStyle:reaxff_tabulate,2026-01-09T22:30:14.318258+00:00,2026-01-09T22:30:20.291531+00:00,5.973235,0.000040384,145.384,0.000005603,0
AtomicPairStyle:reaxff_tabulate_flag,2026-01-09T22:30:20.295513+00:00,2026-01-09T22:30:26.071747+00:00,5.776218,0.000042747,153.888,0.000005931,0
AtomicPairStyle:smatb,2026-01-09T22:30:26.075390+00:00,2026-01-09T22:30:29.441351+00:00,3.365921,0.000002829,10.186,0.000000393,0
AtomicPairStyle:smatb_same,2026-01-09T22:30:29.445225+00:00,2026-01-09T22:30:32.812553+00:00,3.367294,0.000002796,10.066,0.000000388,0
AtomicPairStyle:smatb_single,2026-01-09T22:30:32.816110+00:00,2026-01-09T22:30:36.170253+00:00,3.354102,0.000002730,9.830,0.000000379,0
AtomicPairStyle:sw_angle_table,2026-01-09T22:30:36.174118+00:00,2026-01-09T22:30:39.666566+00:00,3.492409,0.000005134,18.482,0.000000712,0
AtomicPairStyle:table_bitmap,2026-01-09T22:30:39.670535+00:00,2026-01-09T22:30:43.092347+00:00,3.421794,0.000004125,14.849,0.000000572,0
AtomicPairStyle:table_linear,2026-01-09T22:30:43.094781+00:00,2026-01-09T22:30:46.651913+00:00,3.557117,0.000006494,23.378,0.000000901,0
AtomicPairStyle:table_lookup,2026-01-09T22:30:46.655332+00:00,2026-01-09T22:30:50.203182+00:00,3.547834,0.000006506,23.422,0.000000903,0
AtomicPairStyle:table_spline,2026-01-09T22:30:50.207101+00:00,2026-01-09T22:30:53.784676+00:00,3.577537,0.000006881,24.772,0.000000955,0
AtomicPairStyle:threebody_table,2026-01-09T22:30:53.788832+00:00,2026-01-09T22:30:57.711082+00:00,3.922210,0.000012804,46.095,0.000001777,0
AtomicPairStyle:yukawa_colloid,2026-01-09T22:30:57.713569+00:00,2026-01-09T22:31:01.086257+00:00,3.372666,0.000003018,10.866,0.000000419,0
ManybodyPairStyle:airebo,2026-01-09T22:31:01.093348+00:00,2026-01-09T22:31:04.898159+00:00,3.804796,0.000010805,38.898,0.000001499,0
ManybodyPairStyle:airebo_00,2026-01-09T22:31:04.901881+00:00,2026-01-09T22:31:08.564496+00:00,3.662599,0.000008220,29.592,0.000001141,0
ManybodyPairStyle:airebo_m,2026-01-09T22:31:08.568333+00:00,2026-01-09T22:31:12.377465+00:00,3.809094,0.000010833,38.997,0.000001503,0
ManybodyPairStyle:airebo_m00,2026-01-09T22:31:12.381128+00:00,2026-01-09T22:31:16.045274+00:00,3.664094,0.000008247,29.690,0.000001144,0
ManybodyPairStyle:bop,2026-01-09T22:31:16.049375+00:00,2026-01-09T22:31:21.280690+00:00,5.231296,0.000032687,117.674,0.000004535,0
ManybodyPairStyle:bop_save,2026-01-09T22:31:21.283457+00:00,2026-01-09T22:31:24.937452+00:00,3.653958,0.000008496,30.587,0.000001179,0
ManybodyPairStyle:comb,2026-01-09T22:31:24.944957+00:00,2026-01-09T22:31:28.787164+00:00,3.842191,0.000011417,41.100,0.000001584,0
ManybodyPairStyle:comb3,2026-01-09T22:31:28.794281+00:00,2026-01-09T22:31:32.902075+00:00,4.107778,0.000015167,54.600,0.000002104,0
ManybodyPairStyle:dispersion_d3,2026-01-09T22:31:32.908706+00:00,2026-01-09T22:31:36.513666+00:00,3.604944,0.000007076,25.472,0.000000982,0
ManybodyPairStyle:drip,2026-01-09T22:31:36.517563+00:00,2026-01-09T22:31:41.111667+00:00,4.594089,0.000022721,81.796,0.000003153,0
ManybodyPairStyle:drip_real,2026-01-09T22:31:41.114219+00:00,2026-01-09T22:31:45.715037+00:00,4.600780,0.000022675,81.632,0.000003146,0
ManybodyPairStyle:edip_multi,2026-01-09T22:31:45.718787+00:00,2026-01-09T22:31:49.110258+00:00,3.391455,0.000003158,11.369,0.000000438,0
ManybodyPairStyle:extep,2026-01-09T22:31:49.119486+00:00,2026-01-09T22:31:52.520661+00:00,3.401136,0.000003503,12.612,0.000000486,0
ManybodyPairStyle:gw,2026-01-09T22:31:52.528648+00:00,2026-01-09T22:31:55.932453+00:00,3.403789,0.000003280,11.807,0.000000455,0
ManybodyPairStyle:gw_zbl,2026-01-09T22:31:55.936238+00:00,2026-01-09T22:31:59.314529+00:00,3.378254,0.000003169,11.408,0.000000440,0
ManybodyPairStyle:hybrid-meam,2026-01-09T22:31:59.318177+00:00,2026-01-09T22:32:02.822765+00:00,3.504549,0.000005122,18.438,0.000000711,0
ManybodyPairStyle:ilp-graphene-hbn,2026-01-09T22:32:02.831361+00:00,2026-01-09T22:32:07.290226+00:00,4.458823,0.000020766,74.757,0.000002881,0
ManybodyPairStyle:ilp-graphene-hbn_notaper,2026-01-09T22:32:07.294477+00:00,2026-01-09T22:32:11.784166+00:00,4.489651,0.000021091,75.929,0.000002926,0
ManybodyPairStyle:kolmogorov_crespi_full,2026-01-09T22:32:11.788427+00:00,2026-01-09T22:32:16.500028+00:00,4.711562,0.000024885,89.586,0.000003453,0
ManybodyPairStyle:kolmogorov_crespi_full_notaper,2026-01-09T22:32:16.503618+00:00,2026-01-09T22:32:21.203229+00:00,4.699593,0.000024197,87.109,0.000003357,0
ManybodyPairStyle:kolmogorov_crespi_z,2026-01-09T22:32:21.206895+00:00,2026-01-09T22:32:24.637421+00:00,3.430511,0.000003816,13.739,0.000000530,0
ManybodyPairStyle:lcbop,2026-01-09T22:32:24.641614+00:00,2026-01-09T22:32:28.059678+00:00,3.418025,0.000003850,13.862,0.000000534,0
ManybodyPairStyle:lebedeva_z,2026-01-09T22:32:28.062632+00:00,2026-01-09T22:32:31.472523+00:00,3.409876,0.000003859,13.892,0.000000535,0
ManybodyPairStyle:meam,2026-01-09T22:32:31.479515+00:00,2026-01-09T22:32:34.885932+00:00,3.406401,0.000003810,13.715,0.000000529,0
ManybodyPairStyle:meam_2nn,2026-01-09T22:32:34.889880+00:00,2026-01-09T22:32:39.568858+00:00,4.678938,0.000023539,84.739,0.000003266,0
ManybodyPairStyle:mliap_nn,2026-01-09T22:32:39.572924+00:00,2026-01-09T22:32:43.116811+00:00,3.543849,0.000006255,22.518,0.000000868,0
ManybodyPairStyle:mliap_snap_chem,2026-01-09T22:32:43.120810+00:00,2026-01-09T22:32:47.003847+00:00,3.883022,0.000011527,41.497,0.000001599,0
ManybodyPairStyle:mliap_snap_linear,2026-01-09T22:32:47.011757+00:00,2026-01-09T22:32:50.546075+00:00,3.534302,0.000005997,21.588,0.000000832,0
ManybodyPairStyle:mliap_snap_quadratic,2026-01-09T22:32:50.553686+00:00,2026-01-09T22:32:54.108508+00:00,3.554785,0.000006564,23.630,0.000000911,0
ManybodyPairStyle:mliap_so3,2026-01-09T22:32:54.115275+00:00,2026-01-09T22:32:58.143623+00:00,4.028333,0.000013696,49.305,0.000001900,0
ManybodyPairStyle:nb3b_harmonic,2026-01-09T22:32:58.146023+00:00,2026-01-09T22:33:01.541932+00:00,3.395893,0.000003647,13.129,0.000000506,0
ManybodyPairStyle:pace_product,2026-01-09T22:33:01.544460+00:00,2026-01-09T22:33:05.552226+00:00,4.007751,0.000013595,48.943,0.000001886,0
ManybodyPairStyle:pace_recursive,2026-01-09T22:33:05.555873+00:00,2026-01-09T22:33:09.448315+00:00,3.892426,0.000011580,41.686,0.000001607,0
ManybodyPairStyle:pod,2026-01-09T22:33:09.451893+00:00,2026-01-09T22:33:12.931289+00:00,3.479345,0.000004835,17.408,0.000000671,0
ManybodyPairStyle:polymorphic_sw,2026-01-09T22:33:12.933962+00:00,2026-01-09T22:33:16.446265+00:00,3.512265,0.000005398,19.432,0.000000749,0
ManybodyPairStyle:polymorphic_tersoff,2026-01-09T22:33:16.455606+00:00,2026-01-09T22:33:19.968779+00:00,3.513156,0.000005486,19.748,0.000000761,0
ManybodyPairStyle:quip-sw,2026-01-09T22:33:19.977426+00:00,2026-01-09T22:33:23.328047+00:00,3.350603,0.000002347,8.451,0.000000326,0
ManybodyPairStyle:rann,2026-01-09T22:33:23.335727+00:00,2026-01-09T22:33:27.232493+00:00,3.896750,0.000011402,41.046,0.000001582,0
ManybodyPairStyle:rebo,2026-01-09T22:33:27.236449+00:00,2026-01-09T22:33:30.918216+00:00,3.681751,0.000008364,30.109,0.000001160,0
ManybodyPairStyle:rebomos,2026-01-09T22:33:30.924526+00:00,2026-01-09T22:33:34.630877+00:00,3.706334,0.000009080,32.687,0.000001260,0
ManybodyPairStyle:snap,2026-01-09T22:33:34.634847+00:00,2026-01-09T22:33:38.175735+00:00,3.540849,0.000005948,21.411,0.000000825,0
ManybodyPairStyle:snap_chem,2026-01-09T22:33:38.179417+00:00,2026-01-09T22:33:42.064859+00:00,3.885426,0.000011519,41.467,0.000001598,0
ManybodyPairStyle:sw-mod-maxdelcs,2026-01-09T22:33:42.076933+00:00,2026-01-09T22:33:45.506623+00:00,3.429673,0.000004004,14.413,0.000000556,0
ManybodyPairStyle:sw-mod-multi,2026-01-09T22:33:45.510689+00:00,2026-01-09T22:33:48.940095+00:00,3.429366,0.000004019,14.468,0.000000558,0
ManybodyPairStyle:sw-multi,2026-01-09T22:33:48.943823+00:00,2026-01-09T22:33:52.362960+00:00,3.419117,0.000003867,13.920,0.000000536,0
ManybodyPairStyle:sw,2026-01-09T22:33:52.369637+00:00,2026-01-09T22:33:55.759357+00:00,3.389681,0.000003580,12.887,0.000000497,0
ManybodyPairStyle:sw_twobody,2026-01-09T22:33:55.762224+00:00,2026-01-09T22:33:59.147160+00:00,3.384920,0.000003605,12.979,0.000000500,0
ManybodyPairStyle:sw_twothree,2026-01-09T22:33:59.149607+00:00,2026-01-09T22:34:02.569060+00:00,3.419437,0.000003955,14.237,0.000000549,0
ManybodyPairStyle:tersoff,2026-01-09T22:34:02.573189+00:00,2026-01-09T22:34:10.992275+00:00,8.419047,0.000003911,14.079,0.000000543,0
ManybodyPairStyle:tersoff_mod,2026-01-09T22:34:10.996215+00:00,2026-01-09T22:34:14.417541+00:00,3.421288,0.000003797,13.670,0.000000527,0
ManybodyPairStyle:tersoff_mod_c,2026-01-09T22:34:14.421296+00:00,2026-01-09T22:34:17.838147+00:00,3.416811,0.000003723,13.403,0.000000517,0
ManybodyPairStyle:tersoff_mod_c_shift,2026-01-09T22:34:17.841993+00:00,2026-01-09T22:34:21.251969+00:00,3.409958,0.000003674,13.226,0.000000510,0
ManybodyPairStyle:tersoff_mod_shift,2026-01-09T22:34:21.255932+00:00,2026-01-09T22:34:24.658646+00:00,3.402698,0.000003666,13.197,0.000000509,0
ManybodyPairStyle:tersoff_shift,2026-01-09T22:34:24.665065+00:00,2026-01-09T22:34:28.052683+00:00,3.387579,0.000003661,13.179,0.000000508,0
ManybodyPairStyle:tersoff_table,2026-01-09T22:34:28.056811+00:00,2026-01-09T22:34:35.884192+00:00,7.827364,0.000073257,263.727,0.000010164,0
ManybodyPairStyle:tersoff_zbl,2026-01-09T22:34:35.886650+00:00,2026-01-09T22:34:39.283156+00:00,3.396489,0.000003534,12.724,0.000000490,0
ManybodyPairStyle:tersoff_zbl_shift,2026-01-09T22:34:39.292100+00:00,2026-01-09T22:34:42.692724+00:00,3.400608,0.000003610,12.996,0.000000501,0
ManybodyPairStyle:uf3,2026-01-09T22:34:42.700992+00:00,2026-01-09T22:34:46.358202+00:00,3.657188,0.000007857,28.286,0.000001090,0
ManybodyPairStyle:vashishta,2026-01-09T22:34:46.365364+00:00,2026-01-09T22:34:49.781206+00:00,3.415792,0.000003745,13.483,0.000000520,0
ManybodyPairStyle:vashishta_table,2026-01-09T22:34:49.788551+00:00,2026-01-09T22:34:53.232844+00:00,3.444247,0.000004693,16.895,0.000000651,0
BondStyle:class2,2026-01-09T22:34:53.239809+00:00,2026-01-09T22:34:56.652017+00:00,3.412191,0.000003872,13.939,0.000000537,0
BondStyle:fene,2026-01-09T22:34:56.658635+00:00,2026-01-09T22:35:00.064419+00:00,3.405768,0.000003890,14.003,0.000000540,0
BondStyle:fene_expand,2026-01-09T22:35:00.071972+00:00,2026-01-09T22:35:03.483642+00:00,3.411654,0.000003854,13.876,0.000000535,0
BondStyle:fene_nm,2026-01-09T22:35:03.489930+00:00,2026-01-09T22:35:06.884610+00:00,3.394665,0.000003376,12.154,0.000000468,0
BondStyle:gaussian,2026-01-09T22:35:06.893084+00:00,2026-01-09T22:35:10.291110+00:00,3.398011,0.000003498,12.592,0.000000485,0
BondStyle:gromos,2026-01-09T22:35:10.294932+00:00,2026-01-09T22:35:13.701545+00:00,3.406598,0.000003761,13.541,0.000000522,0
BondStyle:harmonic,2026-01-09T22:35:13.705455+00:00,2026-01-09T22:35:17.105317+00:00,3.399825,0.000003890,14.004,0.000000540,0
BondStyle:harmonic_restrain,2026-01-09T22:35:17.107768+00:00,2026-01-09T22:35:20.477881+00:00,3.370097,0.000003194,11.497,0.000000443,0
BondStyle:harmonic_shift,2026-01-09T22:35:20.481565+00:00,2026-01-09T22:35:23.882658+00:00,3.401042,0.000003896,14.026,0.000000541,0
BondStyle:harmonic_shift_cut,2026-01-09T22:35:23.886325+00:00,2026-01-09T22:35:27.294371+00:00,3.408030,0.000003864,13.909,0.000000536,0
BondStyle:hybrid,2026-01-09T22:35:27.297327+00:00,2026-01-09T22:35:30.707446+00:00,3.410080,0.000003830,13.788,0.000000531,0
BondStyle:lepton,2026-01-09T22:35:30.711181+00:00,2026-01-09T22:35:34.665681+00:00,3.954484,0.000012746,45.885,0.000001768,0
BondStyle:lepton_nooffset,2026-01-09T22:35:34.668435+00:00,2026-01-09T22:35:38.634444+00:00,3.965991,0.000012893,46.413,0.000001789,0
BondStyle:mm3,2026-01-09T22:35:38.640524+00:00,2026-01-09T22:35:42.029025+00:00,3.388486,0.000003400,12.241,0.000000472,0
BondStyle:morse,2026-01-09T22:35:42.031818+00:00,2026-01-09T22:35:45.422641+00:00,3.390805,0.000003776,13.593,0.000000524,0
BondStyle:nonlinear,2026-01-09T22:35:45.430772+00:00,2026-01-09T22:35:48.846442+00:00,3.415654,0.000003901,14.043,0.000000541,0
BondStyle:quartic,2026-01-09T22:35:48.848758+00:00,2026-01-09T22:35:52.251579+00:00,3.402799,0.000003740,13.466,0.000000519,0
BondStyle:table_linear,2026-01-09T22:35:52.254030+00:00,2026-01-09T22:35:55.708483+00:00,3.454437,0.000004899,17.635,0.000000680,0
BondStyle:table_spline,2026-01-09T22:35:55.712355+00:00,2026-01-09T22:35:59.187259+00:00,3.474864,0.000005182,18.657,0.000000719,0
BondStyle:zero,2026-01-09T22:35:59.189922+00:00,2026-01-09T22:36:02.578290+00:00,3.388351,0.000003568,12.845,0.000000495,0
AngleStyle:amoeba,2026-01-09T22:36:02.586085+00:00,2026-01-09T22:36:05.960886+00:00,3.374785,0.000003412,12.282,0.000000473,0
AngleStyle:charmm,2026-01-09T22:36:05.963269+00:00,2026-01-09T22:36:09.365793+00:00,3.402508,0.000003747,13.489,0.000000520,0
AngleStyle:class2,2026-01-09T22:36:09.369602+00:00,2026-01-09T22:36:12.803904+00:00,3.434264,0.000003826,13.773,0.000000531,0
AngleStyle:class2_p6,2026-01-09T22:36:12.807943+00:00,2026-01-09T22:36:16.218595+00:00,3.410603,0.000003457,12.445,0.000000480,0
AngleStyle:cosine,2026-01-09T22:36:16.225850+00:00,2026-01-09T22:36:19.641363+00:00,3.415496,0.000003846,13.846,0.000000534,0
AngleStyle:cosine_delta,2026-01-09T22:36:19.649150+00:00,2026-01-09T22:36:23.050560+00:00,3.401394,0.000003601,12.965,0.000000500,0
AngleStyle:cosine_periodic,2026-01-09T22:36:23.053639+00:00,2026-01-09T22:36:26.470130+00:00,3.416476,0.000003871,13.937,0.000000537,0
AngleStyle:cosine_shift,2026-01-09T22:36:26.476715+00:00,2026-01-09T22:36:29.891417+00:00,3.414686,0.000003802,13.688,0.000000528,0
AngleStyle:cosine_shift_exp,2026-01-09T22:36:29.901264+00:00,2026-01-09T22:36:33.319214+00:00,3.417933,0.000003742,13.471,0.000000519,0
AngleStyle:cosine_squared,2026-01-09T22:36:33.327871+00:00,2026-01-09T22:36:36.741654+00:00,3.413768,0.000003795,13.662,0.000000527,0
AngleStyle:cosine_squared_restricted,2026-01-09T22:36:36.749736+00:00,2026-01-09T22:36:40.168486+00:00,3.418734,0.000003831,13.792,0.000000532,0
AngleStyle:cross,2026-01-09T22:36:40.183531+00:00,2026-01-09T22:36:43.572231+00:00,3.388656,0.000003496,12.586,0.000000485,0
AngleStyle:dipole,2026-01-09T22:36:43.575914+00:00,2026-01-09T22:36:46.987608+00:00,3.411656,0.000003718,13.384,0.000000516,0
AngleStyle:fourier,2026-01-09T22:36:46.991836+00:00,2026-01-09T22:36:50.410124+00:00,3.418249,0.000003904,14.053,0.000000542,0
AngleStyle:fourier_simple,2026-01-09T22:36:50.412732+00:00,2026-01-09T22:36:53.834020+00:00,3.421269,0.000003591,12.927,0.000000498,0
AngleStyle:gaussian,2026-01-09T22:36:53.839598+00:00,2026-01-09T22:36:57.241138+00:00,3.401523,0.000003405,12.258,0.000000472,0
AngleStyle:harmonic,2026-01-09T22:36:57.248836+00:00,2026-01-09T22:37:00.669692+00:00,3.420840,0.000003807,13.706,0.000000528,0
AngleStyle:hybrid,2026-01-09T22:37:00.673927+00:00,2026-01-09T22:37:04.148619+00:00,3.474676,0.000003904,14.055,0.000000542,0
AngleStyle:lepton,2026-01-09T22:37:04.152453+00:00,2026-01-09T22:37:07.854344+00:00,3.701875,0.000008607,30.985,0.000001194,0
AngleStyle:lepton_nooffset,2026-01-09T22:37:07.861260+00:00,2026-01-09T22:37:11.567731+00:00,3.706433,0.000008642,31.112,0.000001199,0
AngleStyle:mm3,2026-01-09T22:37:11.570266+00:00,2026-01-09T22:37:14.970902+00:00,3.400620,0.000003523,12.681,0.000000489,0
AngleStyle:mwlc,2026-01-09T22:37:14.980426+00:00,2026-01-09T22:37:18.388847+00:00,3.408405,0.000003477,12.516,0.000000482,0
AngleStyle:quartic,2026-01-09T22:37:18.393065+00:00,2026-01-09T22:37:21.801725+00:00,3.408619,0.000003877,13.957,0.000000538,0
AngleStyle:spica,2026-01-09T22:37:21.808621+00:00,2026-01-09T22:37:25.214166+00:00,3.405530,0.000003895,14.024,0.000000540,0
AngleStyle:table_linear,2026-01-09T22:37:25.223068+00:00,2026-01-09T22:37:28.670013+00:00,3.446928,0.000004484,16.141,0.000000622,0
AngleStyle:table_spline,2026-01-09T22:37:28.694117+00:00,2026-01-09T22:37:32.169818+00:00,3.475685,0.000004921,17.714,0.000000683,0
AngleStyle:zero,2026-01-09T22:37:32.172434+00:00,2026-01-09T22:37:35.553797+00:00,3.381324,0.000003337,12.015,0.000000463,0
KSpaceStyle:ewald,2026-01-09T22:37:35.560549+00:00,2026-01-09T22:37:38.968329+00:00,3.407702,0.000003793,13.655,0.000000526,0
KSpaceStyle:ewald_conp_charge,2026-01-09T22:37:38.972103+00:00,2026-01-09T22:37:42.470074+00:00,3.497955,0.000005378,19.362,0.000000746,0
KSpaceStyle:ewald_dipole,2026-01-09T22:37:42.472680+00:00,2026-01-09T22:37:45.862496+00:00,3.389800,0.000003034,10.923,0.000000421,0
KSpaceStyle:ewald_disp,2026-01-09T22:37:45.866243+00:00,2026-01-09T22:37:49.301624+00:00,3.435344,0.000003751,13.503,0.000000520,0
KSpaceStyle:ewald_disp_dipole,2026-01-09T22:37:49.305674+00:00,2026-01-09T22:37:52.677908+00:00,3.372194,0.000003090,11.125,0.000000429,0
KSpaceStyle:ewald_electrode_slab,2026-01-09T22:37:52.686336+00:00,2026-01-09T22:37:56.113379+00:00,3.427026,0.000003979,14.325,0.000000552,0
KSpaceStyle:ewald_nozforce,2026-01-09T22:37:56.117278+00:00,2026-01-09T22:37:59.533949+00:00,3.416631,0.000003782,13.614,0.000000525,0
KSpaceStyle:ewald_slab,2026-01-09T22:37:59.537690+00:00,2026-01-09T22:38:02.966842+00:00,3.429114,0.000004056,14.602,0.000000563,0
KSpaceStyle:ewald_tilted,2026-01-09T22:38:02.969492+00:00,2026-01-09T22:38:06.378798+00:00,3.409289,0.000003952,14.228,0.000000548,0
KSpaceStyle:ewald_tri,2026-01-09T22:38:06.382289+00:00,2026-01-09T22:38:09.783323+00:00,3.401018,0.000003818,13.746,0.000000530,0
KSpaceStyle:msm,2026-01-09T22:38:09.790076+00:00,2026-01-09T22:38:13.563650+00:00,3.773557,0.000010360,37.296,0.000001437,0
KSpaceStyle:msm_cg,2026-01-09T22:38:13.567628+00:00,2026-01-09T22:38:17.336082+00:00,3.768415,0.000010481,37.730,0.000001454,0
KSpaceStyle:msm_dielectric,2026-01-09T22:38:17.339809+00:00,2026-01-09T22:38:20.684682+00:00,3.344857,0.000002302,8.287,0.000000319,0
KSpaceStyle:msm_nopbc,2026-01-09T22:38:20.688582+00:00,2026-01-09T22:38:25.342179+00:00,4.653575,0.000024605,88.578,0.000003414,0
KSpaceStyle:pppm,2026-01-09T22:38:25.346527+00:00,2026-01-09T22:38:28.816315+00:00,3.469750,0.000004711,16.961,0.000000654,0
KSpaceStyle:pppm_ad,2026-01-09T22:38:28.820117+00:00,2026-01-09T22:38:32.433004+00:00,3.612849,0.000007640,27.504,0.000001060,0
KSpaceStyle:pppm_cg,2026-01-09T22:38:32.437121+00:00,2026-01-09T22:38:35.888848+00:00,3.451688,0.000004645,16.721,0.000000644,0
KSpaceStyle:pppm_cg_ad,2026-01-09T22:38:35.892762+00:00,2026-01-09T22:38:39.508714+00:00,3.615914,0.000007500,27.001,0.000001041,0
KSpaceStyle:pppm_cg_tiled,2026-01-09T22:38:39.511427+00:00,2026-01-09T22:38:42.990984+00:00,3.479541,0.000004960,17.855,0.000000688,0
KSpaceStyle:pppm_conp_charge,2026-01-09T22:38:42.994771+00:00,2026-01-09T22:38:47.147279+00:00,4.152492,0.000016961,61.059,0.000002353,0
KSpaceStyle:pppm_dielectric,2026-01-09T22:38:47.151342+00:00,2026-01-09T22:38:50.557627+00:00,3.406245,0.000003834,13.801,0.000000532,0
KSpaceStyle:pppm_dipole,2026-01-09T22:38:50.561306+00:00,2026-01-09T22:39:00.431800+00:00,9.870445,0.000105738,380.656,0.000014671,0
KSpaceStyle:pppm_disp,2026-01-09T22:39:00.434547+00:00,2026-01-09T22:39:09.334146+00:00,8.899582,0.000090646,326.326,0.000012577,0
KSpaceStyle:pppm_disp_ad,2026-01-09T22:39:09.338376+00:00,2026-01-09T22:39:20.974986+00:00,11.636593,0.000134347,483.650,0.000018641,0
KSpaceStyle:pppm_disp_ad_only,2026-01-09T22:39:20.978946+00:00,2026-01-09T22:39:24.452135+00:00,3.473145,0.000005225,18.808,0.000000725,0
KSpaceStyle:pppm_disp_dielectric,2026-01-09T22:39:24.454678+00:00,2026-01-09T22:39:30.555419+00:00,6.100725,0.000046561,167.621,0.000006460,0
KSpaceStyle:pppm_disp_only,2026-01-09T22:39:30.558159+00:00,2026-01-09T22:39:34.052374+00:00,3.494194,0.000005360,19.296,0.000000744,0
KSpaceStyle:pppm_disp_tip4p,2026-01-09T22:39:34.056327+00:00,2026-01-09T22:39:42.032881+00:00,7.976537,0.000076494,275.379,0.000010614,0
KSpaceStyle:pppm_electrode_slab,2026-01-09T22:39:42.035728+00:00,2026-01-09T22:39:45.521826+00:00,3.486081,0.000005443,19.595,0.000000755,0
KSpaceStyle:pppm_nozforce,2026-01-09T22:39:45.526136+00:00,2026-01-09T22:39:48.984908+00:00,3.458733,0.000004693,16.896,0.000000651,0
KSpaceStyle:pppm_slab,2026-01-09T22:39:48.992702+00:00,2026-01-09T22:39:52.497076+00:00,3.504334,0.000005045,18.162,0.000000700,0
KSpaceStyle:pppm_stagger,2026-01-09T22:39:52.499484+00:00,2026-01-09T22:39:57.159929+00:00,4.660429,0.000024208,87.148,0.000003359,0
KSpaceStyle:pppm_stagger_tiled,2026-01-09T22:39:57.163644+00:00,2026-01-09T22:40:02.208654+00:00,5.044993,0.000031444,113.198,0.000004363,0
KSpaceStyle:pppm_tiled,2026-01-09T22:40:02.212277+00:00,2026-01-09T22:40:05.679336+00:00,3.467042,0.000004957,17.845,0.000000688,0
KSpaceStyle:pppm_tilted,2026-01-09T22:40:05.683281+00:00,2026-01-09T22:40:09.256386+00:00,3.573067,0.000006555,23.600,0.000000910,0
KSpaceStyle:pppm_tip4p,2026-01-09T22:40:09.260548+00:00,2026-01-09T22:40:12.707603+00:00,3.446933,0.000004630,16.668,0.000000642,0
KSpaceStyle:pppm_tip4p_ad,2026-01-09T22:40:12.710166+00:00,2026-01-09T22:40:16.322992+00:00,3.612809,0.000007613,27.408,0.000001056,0
KSpaceStyle:pppm_tip4p_nozforce,2026-01-09T22:40:16.329575+00:00,2026-01-09T22:40:19.798049+00:00,3.468451,0.000004642,16.712,0.000000644,0
KSpaceStyle:pppm_tip4p_slab,2026-01-09T22:40:19.801979+00:00,2026-01-09T22:40:23.260824+00:00,3.458807,0.000004824,17.367,0.000000669,0
KSpaceStyle:pppm_tri,2026-01-09T22:40:23.265163+00:00,2026-01-09T22:40:26.721776+00:00,3.456574,0.000004861,17.500,0.000000674,0
KSpaceStyle:scafacos_direct,2026-01-09T22:40:26.725772+00:00,2026-01-09T22:40:30.033301+00:00,3.307513,0.000002071,7.456,0.000000287,0
KSpaceStyle:scafacos_ewald,2026-01-09T22:40:30.035988+00:00,2026-01-09T22:40:33.363961+00:00,3.327956,0.000002065,7.435,0.000000287,0
KSpaceStyle:scafacos_fmm,2026-01-09T22:40:33.367988+00:00,2026-01-09T22:40:36.706191+00:00,3.338187,0.000002058,7.409,0.000000286,0
KSpaceStyle:scafacos_fmm_tuned,2026-01-09T22:40:36.708650+00:00,2026-01-09T22:40:40.053994+00:00,3.345330,0.000002068,7.443,0.000000287,0
KSpaceStyle:scafacos_p2nfft,2026-01-09T22:40:40.057669+00:00,2026-01-09T22:40:43.392128+00:00,3.334422,0.000002030,7.309,0.000000282,0
KSpaceStyle:zero,2026-01-09T22:40:43.396270+00:00,2026-01-09T22:40:46.792352+00:00,3.396043,0.000003566,12.837,0.000000495,0
FixTimestep:adapt_coul,2026-01-09T22:40:46.796148+00:00,2026-01-09T22:40:50.194055+00:00,3.397892,0.000003289,11.839,0.000000456,0
FixTimestep:adapt_hybrid,2026-01-09T22:40:50.196472+00:00,2026-01-09T22:40:53.565894+00:00,3.369406,0.000002781,10.012,0.000000386,0
FixTimestep:adapt_pair,2026-01-09T22:40:53.568543+00:00,2026-01-09T22:40:56.914907+00:00,3.346325,0.000002780,10.007,0.000000386,0
FixTimestep:addforce_const,2026-01-09T22:40:56.923433+00:00,2026-01-09T22:41:00.294938+00:00,3.371489,0.000002770,9.973,0.000000384,0
FixTimestep:addforce_variable,2026-01-09T22:41:00.301999+00:00,2026-01-09T22:41:03.656446+00:00,3.354430,0.000002751,9.905,0.000000382,0
FixTimestep:addtorque_const,2026-01-09T22:41:03.660119+00:00,2026-01-09T22:41:07.015777+00:00,3.355641,0.000002770,9.973,0.000000384,0
FixTimestep:addtorque_variable,2026-01-09T22:41:07.019458+00:00,2026-01-09T22:41:10.387534+00:00,3.368060,0.000002688,9.676,0.000000373,0
FixTimestep:aveforce_const,2026-01-09T22:41:10.391374+00:00,2026-01-09T22:41:13.757067+00:00,3.365674,0.000002887,10.392,0.000000401,0
FixTimestep:aveforce_variable,2026-01-09T22:41:13.760551+00:00,2026-01-09T22:41:17.113761+00:00,3.353192,0.000002732,9.834,0.000000379,0
FixTimestep:brownian,2026-01-09T22:41:17.117626+00:00,2026-01-09T22:41:20.444418+00:00,3.326754,0.000002043,7.356,0.000000284,0
FixTimestep:deform,2026-01-09T22:41:20.447098+00:00,2026-01-09T22:41:23.818882+00:00,3.371768,0.000002691,9.689,0.000000373,0
FixTimestep:deform_noremap,2026-01-09T22:41:23.822627+00:00,2026-01-09T22:41:27.174807+00:00,3.352163,0.000002818,10.146,0.000000391,0
FixTimestep:deform_tri,2026-01-09T22:41:27.178793+00:00,2026-01-09T22:41:30.527702+00:00,3.348892,0.000002744,9.879,0.000000381,0
FixTimestep:drag,2026-01-09T22:41:30.530131+00:00,2026-01-09T22:41:33.899242+00:00,3.369094,0.000002813,10.129,0.000000390,0
FixTimestep:efield_const,2026-01-09T22:41:33.905578+00:00,2026-01-09T22:41:37.264946+00:00,3.359279,0.000002771,9.974,0.000000384,0
FixTimestep:efield_dipole_const,2026-01-09T22:41:37.268633+00:00,2026-01-09T22:41:40.628049+00:00,3.359377,0.000002687,9.674,0.000000373,0
FixTimestep:efield_dipole_variable,2026-01-09T22:41:40.631764+00:00,2026-01-09T22:41:43.981540+00:00,3.349741,0.000002770,9.972,0.000000384,0
FixTimestep:efield_lepton,2026-01-09T22:41:43.989198+00:00,2026-01-09T22:41:47.483255+00:00,3.494039,0.000004821,17.356,0.000000669,0
FixTimestep:efield_lepton_region,2026-01-09T22:41:47.487294+00:00,2026-01-09T22:41:50.967693+00:00,3.480359,0.000004862,17.503,0.000000675,0
FixTimestep:efield_region_block,2026-01-09T22:41:50.970433+00:00,2026-01-09T22:41:54.334736+00:00,3.364285,0.000002790,10.042,0.000000387,0
FixTimestep:efield_region_sphere,2026-01-09T22:41:54.338496+00:00,2026-01-09T22:41:57.708179+00:00,3.369646,0.000002790,10.043,0.000000387,0
FixTimestep:efield_tip4p_const,2026-01-09T22:41:57.715277+00:00,2026-01-09T22:42:01.097417+00:00,3.382122,0.000002783,10.020,0.000000386,0
FixTimestep:efield_tip4p_variable,2026-01-09T22:42:01.101598+00:00,2026-01-09T22:42:04.466612+00:00,3.364998,0.000002768,9.964,0.000000384,0
FixTimestep:efield_variable,2026-01-09T22:42:04.470736+00:00,2026-01-09T22:42:07.816135+00:00,3.345383,0.000002772,9.980,0.000000385,0
FixTimestep:gravity,2026-01-09T22:42:07.818809+00:00,2026-01-09T22:42:11.225089+00:00,3.406264,0.000003241,11.667,0.000000450,0
FixTimestep:heat,2026-01-09T22:42:11.233858+00:00,2026-01-09T22:42:14.581581+00:00,3.347707,0.000002838,10.216,0.000000394,0
FixTimestep:heat_region,2026-01-09T22:42:14.584070+00:00,2026-01-09T22:42:17.935874+00:00,3.351786,0.000002759,9.933,0.000000383,0
FixTimestep:lineforce,2026-01-09T22:42:17.942883+00:00,2026-01-09T22:42:21.318919+00:00,3.376018,0.000002792,10.051,0.000000387,0
FixTimestep:momentum,2026-01-09T22:42:21.322913+00:00,2026-01-09T22:42:24.671823+00:00,3.348893,0.000002705,9.739,0.000000375,0
FixTimestep:momentum_chunk,2026-01-09T22:42:24.677920+00:00,2026-01-09T22:42:28.026069+00:00,3.348133,0.000002740,9.864,0.000000380,0
FixTimestep:move_linear,2026-01-09T22:42:28.034100+00:00,2026-01-09T22:42:31.388506+00:00,3.354391,0.000002805,10.100,0.000000389,0
FixTimestep:move_rotate,2026-01-09T22:42:31.392529+00:00,2026-01-09T22:42:34.778749+00:00,3.386204,0.000002757,9.924,0.000000382,0
FixTimestep:move_transrot,2026-01-09T22:42:34.786717+00:00,2026-01-09T22:42:38.177015+00:00,3.390282,0.000002826,10.175,0.000000392,0
FixTimestep:move_variable,2026-01-09T22:42:38.185640+00:00,2026-01-09T22:42:41.543533+00:00,3.357877,0.000002764,9.950,0.000000384,0
FixTimestep:move_wiggle,2026-01-09T22:42:41.550593+00:00,2026-01-09T22:42:44.897854+00:00,3.347245,0.000002678,9.640,0.000000372,0
FixTimestep:nph,2026-01-09T22:42:44.904973+00:00,2026-01-09T22:42:48.284668+00:00,3.379679,0.000003289,11.841,0.000000456,0
FixTimestep:nph_sphere,2026-01-09T22:42:48.288782+00:00,2026-01-09T22:42:51.671506+00:00,3.382707,0.000002952,10.628,0.000000410,0
FixTimestep:npt_aniso,2026-01-09T22:42:51.680641+00:00,2026-01-09T22:42:55.101127+00:00,3.420446,0.000003391,12.207,0.000000470,0
FixTimestep:npt_iso,2026-01-09T22:42:55.109460+00:00,2026-01-09T22:42:58.539722+00:00,3.430244,0.000003346,12.045,0.000000464,0
FixTimestep:npt_sphere_aniso,2026-01-09T22:42:58.543838+00:00,2026-01-09T22:43:01.908365+00:00,3.364487,0.000003010,10.835,0.000000418,0
FixTimestep:npt_sphere_iso,2026-01-09T22:43:01.914047+00:00,2026-01-09T22:43:05.301435+00:00,3.387371,0.000003011,10.838,0.000000418,0
FixTimestep:npt_sphere_tri,2026-01-09T22:43:05.307701+00:00,2026-01-09T22:43:08.675350+00:00,3.367629,0.000003024,10.888,0.000000420,0
FixTimestep:npt_tri,2026-01-09T22:43:08.681978+00:00,2026-01-09T22:43:12.072126+00:00,3.390109,0.000003316,11.936,0.000000460,0
FixTimestep:nve,2026-01-09T22:43:12.075068+00:00,2026-01-09T22:43:15.451636+00:00,3.376525,0.000003282,11.814,0.000000455,0
FixTimestep:nve_limit,2026-01-09T22:43:15.454489+00:00,2026-01-09T22:43:18.817206+00:00,3.362700,0.000002465,8.874,0.000000342,0
FixTimestep:nve_noforce,2026-01-09T22:43:18.823449+00:00,2026-01-09T22:43:22.176523+00:00,3.353021,0.000002686,9.670,0.000000373,0
FixTimestep:nve_sphere,2026-01-09T22:43:22.179165+00:00,2026-01-09T22:43:25.529476+00:00,3.350290,0.000002870,10.334,0.000000398,0
FixTimestep:nve_sphere_dipole,2026-01-09T22:43:25.531959+00:00,2026-01-09T22:43:28.875159+00:00,3.343184,0.000002927,10.537,0.000000406,0
FixTimestep:nve_sphere_dipole_dlm,2026-01-09T22:43:28.877870+00:00,2026-01-09T22:43:32.259844+00:00,3.381958,0.000002950,10.620,0.000000409,0
FixTimestep:nvt-psllod,2026-01-09T22:43:32.265057+00:00,2026-01-09T22:43:35.655929+00:00,3.390856,0.000003337,12.014,0.000000463,0
FixTimestep:nvt-sllod,2026-01-09T22:43:35.658470+00:00,2026-01-09T22:43:39.052659+00:00,3.394173,0.000003300,11.879,0.000000458,0
FixTimestep:nvt,2026-01-09T22:43:39.060064+00:00,2026-01-09T22:43:42.461964+00:00,3.401883,0.000003479,12.526,0.000000483,0
FixTimestep:nvt_drag,2026-01-09T22:43:42.468901+00:00,2026-01-09T22:43:45.881077+00:00,3.412137,0.000003350,12.060,0.000000465,0
FixTimestep:nvt_mtk,2026-01-09T22:43:45.888007+00:00,2026-01-09T22:43:49.259677+00:00,3.371653,0.000003205,11.537,0.000000445,0
FixTimestep:nvt_sphere,2026-01-09T22:43:49.266779+00:00,2026-01-09T22:43:52.647006+00:00,3.380188,0.000002959,10.651,0.000000411,0
FixTimestep:oneway,2026-01-09T22:43:52.649414+00:00,2026-01-09T22:43:55.995550+00:00,3.346120,0.000002710,9.757,0.000000376,0
FixTimestep:planeforce,2026-01-09T22:43:56.001644+00:00,2026-01-09T22:43:59.361279+00:00,3.359616,0.000002859,10.294,0.000000397,0
FixTimestep:press_berendsen_iso,2026-01-09T22:43:59.369998+00:00,2026-01-09T22:44:02.737493+00:00,3.367477,0.000002673,9.622,0.000000371,0
FixTimestep:python_move_nve,2026-01-09T22:44:02.745788+00:00,2026-01-09T22:44:06.219187+00:00,3.473383,0.000004716,16.979,0.000000654,0
FixTimestep:rattle_angle,2026-01-09T22:44:06.223023+00:00,2026-01-09T22:44:09.584752+00:00,3.361713,0.000002769,9.967,0.000000384,0
FixTimestep:rattle_bond,2026-01-09T22:44:09.593841+00:00,2026-01-09T22:44:12.961087+00:00,3.367228,0.000002770,9.972,0.000000384,0
FixTimestep:recenter-coords,2026-01-09T22:44:12.964179+00:00,2026-01-09T22:44:16.360522+00:00,3.396301,0.000002536,9.128,0.000000352,0
FixTimestep:recenter-init,2026-01-09T22:44:16.369525+00:00,2026-01-09T22:44:19.733014+00:00,3.363474,0.000002393,8.614,0.000000332,0
FixTimestep:recenter-null,2026-01-09T22:44:19.736501+00:00,2026-01-09T22:44:23.106234+00:00,3.369718,0.000002394,8.617,0.000000332,0
FixTimestep:restrain,2026-01-09T22:44:23.110055+00:00,2026-01-09T22:44:26.479183+00:00,3.369088,0.000002699,9.715,0.000000374,0
FixTimestep:rigid_group,2026-01-09T22:44:26.492450+00:00,2026-01-09T22:44:29.863953+00:00,3.371487,0.000002723,9.801,0.000000378,0
FixTimestep:rigid_molecule,2026-01-09T22:44:29.867695+00:00,2026-01-09T22:44:33.234933+00:00,3.367199,0.000002714,9.771,0.000000377,0
FixTimestep:rigid_molecule_tri,2026-01-09T22:44:33.239201+00:00,2026-01-09T22:44:36.598820+00:00,3.359577,0.000002818,10.145,0.000000391,0
FixTimestep:rigid_nph,2026-01-09T22:44:36.607846+00:00,2026-01-09T22:44:39.971570+00:00,3.363708,0.000002782,10.016,0.000000386,0
FixTimestep:rigid_nph_small,2026-01-09T22:44:39.979736+00:00,2026-01-09T22:44:43.328814+00:00,3.349061,0.000002405,8.658,0.000000334,0
FixTimestep:rigid_npt,2026-01-09T22:44:43.343085+00:00,2026-01-09T22:44:46.718967+00:00,3.375863,0.000002736,9.851,0.000000380,0
FixTimestep:rigid_npt_small,2026-01-09T22:44:46.724779+00:00,2026-01-09T22:44:50.054468+00:00,3.329673,0.000002492,8.970,0.000000346,0
FixTimestep:rigid_nve_group,2026-01-09T22:44:50.057478+00:00,2026-01-09T22:44:53.409717+00:00,3.352199,0.000002737,9.855,0.000000380,0
FixTimestep:rigid_nve_molecule,2026-01-09T22:44:53.418171+00:00,2026-01-09T22:44:56.767407+00:00,3.349220,0.000002684,9.663,0.000000372,0
FixTimestep:rigid_nve_single,2026-01-09T22:44:56.771504+00:00,2026-01-09T22:45:00.153657+00:00,3.382106,0.000002947,10.611,0.000000409,0
FixTimestep:rigid_nve_small,2026-01-09T22:45:00.157389+00:00,2026-01-09T22:45:03.509128+00:00,3.351722,0.000002472,8.899,0.000000343,0
FixTimestep:rigid_nvt,2026-01-09T22:45:03.512899+00:00,2026-01-09T22:45:06.878924+00:00,3.365987,0.000002757,9.925,0.000000383,0
FixTimestep:rigid_nvt_small,2026-01-09T22:45:06.882938+00:00,2026-01-09T22:45:10.220708+00:00,3.337753,0.000002519,9.067,0.000000349,0
FixTimestep:rigid_single,2026-01-09T22:45:10.224481+00:00,2026-01-09T22:45:13.573229+00:00,3.348732,0.000002709,9.752,0.000000376,0
FixTimestep:rigid_small,2026-01-09T22:45:13.575653+00:00,2026-01-09T22:45:16.947979+00:00,3.372310,0.000002873,10.344,0.000000399,0
FixTimestep:setforce_const,2026-01-09T22:45:16.955810+00:00,2026-01-09T22:45:20.330310+00:00,3.374484,0.000002804,10.095,0.000000389,0
FixTimestep:setforce_region_block,2026-01-09T22:45:20.334197+00:00,2026-01-09T22:45:23.684656+00:00,3.350420,0.000002703,9.732,0.000000375,0
FixTimestep:setforce_region_sphere,2026-01-09T22:45:23.691847+00:00,2026-01-09T22:45:27.059238+00:00,3.367352,0.000002685,9.667,0.000000373,0
FixTimestep:setforce_variable,2026-01-09T22:45:27.063213+00:00,2026-01-09T22:45:30.431897+00:00,3.368646,0.000002753,9.912,0.000000382,0
FixTimestep:shake_angle,2026-01-09T22:45:30.434442+00:00,2026-01-09T22:45:33.783041+00:00,3.348583,0.000002731,9.833,0.000000379,0
FixTimestep:shake_bond,2026-01-09T22:45:33.785733+00:00,2026-01-09T22:45:37.133624+00:00,3.347876,0.000002820,10.152,0.000000391,0
FixTimestep:smd_couple,2026-01-09T22:45:37.141613+00:00,2026-01-09T22:45:40.503942+00:00,3.362312,0.000002836,10.210,0.000000394,0
FixTimestep:smd_tether,2026-01-09T22:45:40.512946+00:00,2026-01-09T22:45:43.867372+00:00,3.354411,0.000002715,9.775,0.000000377,0
FixTimestep:spring_chunk,2026-01-09T22:45:43.875260+00:00,2026-01-09T22:45:47.224947+00:00,3.349648,0.000002727,9.817,0.000000378,0
FixTimestep:spring_couple,2026-01-09T22:45:47.227698+00:00,2026-01-09T22:45:50.608095+00:00,3.380381,0.000002769,9.968,0.000000384,0
FixTimestep:spring_rg,2026-01-09T22:45:50.611803+00:00,2026-01-09T22:45:53.968507+00:00,3.356687,0.000002716,9.779,0.000000377,0
FixTimestep:spring_self,2026-01-09T22:45:53.972992+00:00,2026-01-09T22:45:57.344923+00:00,3.371915,0.000002715,9.775,0.000000377,0
FixTimestep:spring_self_atom,2026-01-09T22:45:57.361639+00:00,2026-01-09T22:46:00.747481+00:00,3.385803,0.000002845,10.244,0.000000395,0
FixTimestep:spring_self_equal,2026-01-09T22:46:00.754047+00:00,2026-01-09T22:46:04.131861+00:00,3.377799,0.000002755,9.917,0.000000382,0
FixTimestep:spring_tether,2026-01-09T22:46:04.135740+00:00,2026-01-09T22:46:07.495631+00:00,3.359854,0.000002713,9.767,0.000000376,0
FixTimestep:temp_berendsen,2026-01-09T22:46:07.499732+00:00,2026-01-09T22:46:10.866634+00:00,3.366864,0.000002680,9.648,0.000000372,0
FixTimestep:temp_csld,2026-01-09T22:46:10.870240+00:00,2026-01-09T22:46:14.238000+00:00,3.367722,0.000002703,9.730,0.000000375,0
FixTimestep:temp_csvr,2026-01-09T22:46:14.244033+00:00,2026-01-09T22:46:17.613411+00:00,3.369340,0.000002809,10.112,0.000000390,0
FixTimestep:temp_rescale,2026-01-09T22:46:17.622193+00:00,2026-01-09T22:46:20.976989+00:00,3.354780,0.000002717,9.782,0.000000377,0
FixTimestep:wall_harmonic_const,2026-01-09T22:46:20.984060+00:00,2026-01-09T22:46:24.334943+00:00,3.350835,0.000002711,9.758,0.000000376,0
FixTimestep:wall_lepton_const,2026-01-09T22:46:24.337659+00:00,2026-01-09T22:46:27.702908+00:00,3.365233,0.000003152,11.349,0.000000437,0
FixTimestep:wall_lj1043_const,2026-01-09T22:46:27.706793+00:00,2026-01-09T22:46:31.054957+00:00,3.348126,0.000002725,9.809,0.000000378,0
FixTimestep:wall_lj126_const,2026-01-09T22:46:31.058721+00:00,2026-01-09T22:46:34.412720+00:00,3.353983,0.000002689,9.679,0.000000373,0
FixTimestep:wall_lj93_const,2026-01-09T22:46:34.415299+00:00,2026-01-09T22:46:37.773317+00:00,3.357980,0.000002794,10.059,0.000000388,0
FixTimestep:wall_morse_const,2026-01-09T22:46:37.777408+00:00,2026-01-09T22:46:41.115623+00:00,3.338176,0.000002721,9.795,0.000000378,0
FixTimestep:wall_reflect,2026-01-09T22:46:41.119523+00:00,2026-01-09T22:46:44.482856+00:00,3.363295,0.000002765,9.953,0.000000384,0
FixTimestep:wall_region_harmonic,2026-01-09T22:46:44.486383+00:00,2026-01-09T22:46:47.821771+00:00,3.335371,0.000002679,9.643,0.000000372,0
FixTimestep:wall_region_lj1043,2026-01-09T22:46:47.827287+00:00,2026-01-09T22:46:51.167963+00:00,3.340634,0.000002658,9.569,0.000000369,0
FixTimestep:wall_region_lj126,2026-01-09T22:46:51.173995+00:00,2026-01-09T22:46:54.530463+00:00,3.356449,0.000002690,9.684,0.000000373,0
FixTimestep:wall_region_lj93,2026-01-09T22:46:54.534400+00:00,2026-01-09T22:46:57.891266+00:00,3.356851,0.000002702,9.727,0.000000375,0
FixTimestep:wall_region_morse,2026-01-09T22:46:57.895437+00:00,2026-01-09T22:47:01.243952+00:00,3.348499,0.000002780,10.010,0.000000386,0
FixTimestep:wall_region_sphere,2026-01-09T22:47:01.246744+00:00,2026-01-09T22:47:04.590113+00:00,3.343329,0.000002714,9.772,0.000000377,0
FixTimestep:wall_table_linear,2026-01-09T22:47:04.593843+00:00,2026-01-09T22:47:07.970719+00:00,3.376838,0.000003038,10.936,0.000000421,0
FixTimestep:wall_table_spline,2026-01-09T22:47:07.974317+00:00,2026-01-09T22:47:11.353212+00:00,3.378877,0.000003195,11.501,0.000000443,0
DihedralStyle:charmm,2026-01-09T22:47:11.360801+00:00,2026-01-09T22:47:14.752572+00:00,3.391755,0.000003319,11.950,0.000000461,0
DihedralStyle:charmmfsw,2026-01-09T22:47:14.759199+00:00,2026-01-09T22:47:18.152641+00:00,3.393421,0.000003394,12.219,0.000000471,0
DihedralStyle:class2,2026-01-09T22:47:18.155763+00:00,2026-01-09T22:47:21.572354+00:00,3.416548,0.000003783,13.618,0.000000525,0
DihedralStyle:cosine_shift_exp,2026-01-09T22:47:21.576309+00:00,2026-01-09T22:47:24.978635+00:00,3.402287,0.000003602,12.966,0.000000500,0
DihedralStyle:cosine_squared_restricted,2026-01-09T22:47:24.981316+00:00,2026-01-09T22:47:28.365424+00:00,3.384063,0.000003249,11.698,0.000000451,0
DihedralStyle:fourier,2026-01-09T22:47:28.369401+00:00,2026-01-09T22:47:31.775651+00:00,3.406232,0.000003704,13.334,0.000000514,0
DihedralStyle:harmonic,2026-01-09T22:47:31.778454+00:00,2026-01-09T22:47:35.170956+00:00,3.392483,0.000003547,12.768,0.000000492,0
DihedralStyle:helix,2026-01-09T22:47:35.173648+00:00,2026-01-09T22:47:38.577128+00:00,3.403464,0.000003620,13.033,0.000000502,0
DihedralStyle:hybrid,2026-01-09T22:47:38.580743+00:00,2026-01-09T22:47:41.984710+00:00,3.403951,0.000003803,13.690,0.000000528,0
DihedralStyle:lepton,2026-01-09T22:47:41.988339+00:00,2026-01-09T22:47:45.876074+00:00,3.887718,0.000011689,42.082,0.000001622,0
DihedralStyle:multi_harmonic,2026-01-09T22:47:45.878577+00:00,2026-01-09T22:47:49.251372+00:00,3.372771,0.000003551,12.782,0.000000493,0
DihedralStyle:nharmonic,2026-01-09T22:47:49.253886+00:00,2026-01-09T22:47:52.653459+00:00,3.399557,0.000003558,12.808,0.000000494,0
DihedralStyle:opls,2026-01-09T22:47:52.657594+00:00,2026-01-09T22:47:56.039179+00:00,3.381547,0.000003691,13.288,0.000000512,0
DihedralStyle:quadratic,2026-01-09T22:47:56.041779+00:00,2026-01-09T22:47:59.438337+00:00,3.396541,0.000003579,12.884,0.000000497,0
DihedralStyle:spherical,2026-01-09T22:47:59.441051+00:00,2026-01-09T22:48:02.812994+00:00,3.371926,0.000003396,12.224,0.000000471,0
DihedralStyle:table_cut_linear,2026-01-09T22:48:02.816905+00:00,2026-01-09T22:48:06.269106+00:00,3.452163,0.000004564,16.432,0.000000633,0
DihedralStyle:table_cut_spline,2026-01-09T22:48:06.277436+00:00,2026-01-09T22:48:09.768962+00:00,3.491506,0.000005319,19.149,0.000000738,0
DihedralStyle:table_linear,2026-01-09T22:48:09.776532+00:00,2026-01-09T22:48:13.290336+00:00,3.513764,0.000005718,20.584,0.000000793,0
DihedralStyle:table_spline,2026-01-09T22:48:13.294081+00:00,2026-01-09T22:48:16.850770+00:00,3.556650,0.000006542,23.551,0.000000908,0
DihedralStyle:zero,2026-01-09T22:48:16.854552+00:00,2026-01-09T22:48:20.233976+00:00,3.379407,0.000003328,11.981,0.000000462,0
ImproperStyle:class2,2026-01-09T22:48:20.242191+00:00,2026-01-09T22:48:23.624155+00:00,3.381948,0.000003612,13.003,0.000000501,0
ImproperStyle:cossq,2026-01-09T22:48:23.629349+00:00,2026-01-09T22:48:27.020695+00:00,3.391308,0.000003390,12.204,0.000000470,0
ImproperStyle:cvff,2026-01-09T22:48:27.026780+00:00,2026-01-09T22:48:30.422817+00:00,3.395999,0.000003624,13.048,0.000000503,0
ImproperStyle:distance,2026-01-09T22:48:30.426728+00:00,2026-01-09T22:48:33.798485+00:00,3.371740,0.000003246,11.686,0.000000450,0
ImproperStyle:distharm,2026-01-09T22:48:33.801284+00:00,2026-01-09T22:48:37.178370+00:00,3.377068,0.000003213,11.568,0.000000446,0
ImproperStyle:fourier,2026-01-09T22:48:37.182299+00:00,2026-01-09T22:48:40.597466+00:00,3.415151,0.000003601,12.963,0.000000500,0
ImproperStyle:harmonic,2026-01-09T22:48:40.603356+00:00,2026-01-09T22:48:43.999629+00:00,3.396257,0.000003676,13.233,0.000000510,0
ImproperStyle:hybrid,2026-01-09T22:48:44.006729+00:00,2026-01-09T22:48:47.421662+00:00,3.414894,0.000003545,12.761,0.000000492,0
ImproperStyle:inversion_harmonic,2026-01-09T22:48:47.427733+00:00,2026-01-09T22:48:50.807429+00:00,3.379681,0.000003324,11.966,0.000000461,0
ImproperStyle:ring,2026-01-09T22:48:50.811143+00:00,2026-01-09T22:48:54.227758+00:00,3.416597,0.000003575,12.871,0.000000496,0
ImproperStyle:sqdistharm,2026-01-09T22:48:54.236244+00:00,2026-01-09T22:48:57.612508+00:00,3.376248,0.000003151,11.344,0.000000437,0
ImproperStyle:umbrella,2026-01-09T22:48:57.616122+00:00,2026-01-09T22:49:01.032037+00:00,3.415899,0.000003631,13.071,0.000000504,0
ImproperStyle:zero,2026-01-09T22:49:01.035984+00:00,2026-01-09T22:49:04.417119+00:00,3.381119,0.000003268,11.764,0.000000453,0
TestPairList,2026-01-09T22:49:04.419844+00:00,2026-01-09T22:49:07.756029+00:00,3.336146,0.000002134,7.682,0.000000296,0
